0,1,2,3,4,5,6,7,8,9,10,11,12,13,14,15,16,17,18,19,20,21,22,23,24,25,26,27,28,29,30,31,32,33,34,35,36,37,38,39,40,41,42,43,44,45,46,47,48,49,50,51,52,53,54,55,56,57,58,59,60,61,62,63,64,65,66,67,68,69,70,71,72,73,74,75,76,77,78,79,80,81,82,83,84,85,86,87,88,89,90,91,92,93,94,95,96,97,98,99,100,101,102,103,104,105,106,107,108,109,110,111,112,113,114,115,116,117,118,119,120,121,122,123,124,125,126,127,128,129,130,131,132,133,134,135,136,137,138,139,140,141,142,143,144,145,146,147,148,149
0.0,1.8827799139796941,0.0,35.094906262129044,0.0,-12.021179715364715,-5.020502588638844,0.0,-138.49527137761967,0.0,1.5830160507844602,0.0,-1.8827799139796941,0.0,-35.094906262129044,0.0,12.021179715364715,5.020502588638844,0.0,138.49527137761967,0.0,-1.5830160507844602,-1.0,0.37238124552412344,0.0,0.0,0.0,0.0,1.2037572697459307,0.0,0.0,0.0,0.0,0.0,0.0,0.0,0.0,0.0,0.0,0.0,0.0,0.0,0.0,0.0,0.0,0.0,0.0,0.0,0.4279045259044758,0.0,0.0,0.0,0.0,0.0,0.0,0.0,0.0,0.0,0.0,0.0,0.0,0.0,0.0,0.0,0.0,0.0,0.0,0.0,0.0,0.0,0.1670408055756756,0.0,0.0,0.0,-1.934836898395165,0.0,0.0,0.0,0.0,0.0,0.0,0.0,0.0,0.0,0.0,1.0,-0.37238124552412344,0.0,0.0,0.0,0.0,-1.2037572697459307,0.0,0.0,0.0,0.0,0.0,0.0,0.0,0.0,0.0,0.0,0.0,0.0,0.0,0.0,0.0,0.0,0.0,0.0,0.0,-0.4279045259044758,0.0,0.0,0.0,0.0,0.0,0.0,0.0,0.0,0.0,0.0,0.0,0.0,0.0,0.0,0.0,0.0,0.0,0.0,0.0,0.0,0.0,-0.1670408055756756,0.0,0.0,0.0,1.934836898395165,0.0,0.0,0.0,0.0,0.0,0.0,0.0,0.0,0.0,0.0,0.0,0.07178090780648294
0.0,4.739269489983865e-06,0.0,-0.00018670213005483958,0.0,-0.0001761939199788198,-3.180939546962783e-05,-1.0,0.00016282953245949538,0.0,8.402960394252708e-05,0.0,-4.739269489983865e-06,0.0,0.00018670213005483958,0.0,0.0001761939199788198,3.180939546962783e-05,1.0,-0.00016282953245949538,0.0,-8.402960394252708e-05,0.0,-6.452151628083928e-05,0.0,0.0,0.0,0.0,3.1365654449123714e-05,0.0,0.0,0.0,0.0,0.0,0.0,0.0,0.0,0.0,0.0,0.0,0.0,0.0,0.0,0.0,0.0,0.0,0.0,0.0,1.0771067022690598e-06,0.0,0.0,0.0,0.0,0.0,0.0,0.0,0.0,0.0,0.0,0.0,0.0,0.0,0.0,0.0,0.0,0.0,0.0,0.0,0.0,0.0,3.121796491349112e-06,0.0,0.0,0.0,-4.183380483686184e-05,0.0,0.0,0.0,0.0,0.0,0.0,0.0,0.0,0.0,0.0,0.0,6.452151628083928e-05,0.0,0.0,0.0,0.0,-3.1365654449123714e-05,0.0,0.0,0.0,0.0,0.0,0.0,0.0,0.0,0.0,0.0,0.0,0.0,0.0,0.0,0.0,0.0,0.0,0.0,0.0,-1.0771067022690598e-06,0.0,0.0,0.0,0.0,0.0,0.0,0.0,0.0,0.0,0.0,0.0,0.0,0.0,0.0,0.0,0.0,0.0,0.0,0.0,0.0,0.0,-3.121796491349112e-06,0.0,0.0,0.0,4.183380483686184e-05,0.0,0.0,0.0,0.0,0.0,0.0,0.0,0.0,0.0,0.0,0.0,3.949369440496386e-06
0.0,0.11358331143597358,0.0,-17.55617567387158,0.0,-2.3159207379509037,-0.5543839940802534,0.0,3.75435145594426,0.0,1.048735024188139,0.0,-0.11358331143597358,0.0,17.55617567387158,0.0,2.3159207379509037,0.5543839940802534,0.0,-3.75435145594426,0.0,-1.048735024188139,0.0,0.005191072693918452,-1.0,0.0,0.0,0.0,0.4144822084419708,0.0,0.0,0.0,0.0,0.0,0.0,0.0,0.0,0.0,0.0,0.0,0.0,0.0,0.0,0.0,0.0,0.0,0.0,0.0,0.02581438896272127,0.0,0.0,0.0,0.0,0.0,0.0,0.0,0.0,0.0,0.0,0.0,0.0,0.0,0.0,0.0,0.0,0.0,0.0,0.0,0.0,0.0,0.053826128786907304,0.0,0.0,0.0,-0.7124661376111592,0.0,0.0,0.0,0.0,0.0,0.0,0.0,0.0,0.0,0.0,0.0,-0.005191072693918452,1.0,0.0,0.0,0.0,-0.4144822084419708,0.0,0.0,0.0,0.0,0.0,0.0,0.0,0.0,0.0,0.0,0.0,0.0,0.0,0.0,0.0,0.0,0.0,0.0,0.0,-0.02581438896272127,0.0,0.0,0.0,0.0,0.0,0.0,0.0,0.0,0.0,0.0,0.0,0.0,0.0,0.0,0.0,0.0,0.0,0.0,0.0,0.0,0.0,-0.053826128786907304,0.0,0.0,0.0,0.7124661376111592,0.0,0.0,0.0,0.0,0.0,0.0,0.0,0.0,0.0,0.0,0.0,0.03614263832911656
0.0,-0.3497075859406689,0.0,28.059658948449332,0.0,-4.342576790019472,-2.638800601221695,0.0,15.09362396598047,0.0,4.1322863721562655,0.0,0.3497075859406689,0.0,-28.059658948449332,0.0,4.342576790019472,2.638800601221695,0.0,-15.09362396598047,0.0,-4.1322863721562655,0.0,0.015184872622043866,0.0,-1.0,0.0,0.0,1.308136583842264,0.0,0.0,0.0,0.0,0.0,0.0,0.0,0.0,0.0,0.0,0.0,0.0,0.0,0.0,0.0,0.0,0.0,0.0,0.0,-0.07947899680469747,0.0,0.0,0.0,0.0,0.0,0.0,0.0,0.0,0.0,0.0,0.0,0.0,0.0,0.0,0.0,0.0,0.0,0.0,0.0,0.0,0.0,0.14255685731116838,0.0,0.0,0.0,-1.593553268572893,0.0,0.0,0.0,0.0,0.0,0.0,0.0,0.0,0.0,0.0,0.0,-0.015184872622043866,0.0,1.0,0.0,0.0,-1.308136583842264,0.0,0.0,0.0,0.0,0.0,0.0,0.0,0.0,0.0,0.0,0.0,0.0,0.0,0.0,0.0,0.0,0.0,0.0,0.0,0.07947899680469747,0.0,0.0,0.0,0.0,0.0,0.0,0.0,0.0,0.0,0.0,0.0,0.0,0.0,0.0,0.0,0.0,0.0,0.0,0.0,0.0,0.0,-0.14255685731116838,0.0,0.0,0.0,1.593553268572893,0.0,0.0,0.0,0.0,0.0,0.0,0.0,0.0,0.0,0.0,0.0,0.1645442842016657
0.0,0.07588335620575079,0.0,-2.22989636602148,0.0,0.08108557325144233,0.08969184580062414,0.0,-1.9378733408113218,0.0,-0.31350158333197764,0.0,-0.07588335620575079,0.0,2.22989636602148,0.0,-0.08108557325144233,-0.08969184580062414,0.0,1.9378733408113218,0.0,0.31350158333197764,0.0,0.0031708730934500075,0.0,0.0,-1.0,0.0,-0.07663049456119807,0.0,0.0,0.0,0.0,0.0,0.0,0.0,0.0,0.0,0.0,0.0,0.0,0.0,0.0,0.0,0.0,0.0,0.0,0.0,0.01724621731948881,0.0,0.0,0.0,0.0,0.0,0.0,0.0,0.0,0.0,0.0,0.0,0.0,0.0,0.0,0.0,0.0,0.0,0.0,0.0,0.0,0.0,-0.010721189718985837,0.0,0.0,0.0,0.14970796681572704,0.0,0.0,0.0,0.0,0.0,0.0,0.0,0.0,0.0,0.0,0.0,-0.0031708730934500075,0.0,0.0,1.0,0.0,0.07663049456119807,0.0,0.0,0.0,0.0,0.0,0.0,0.0,0.0,0.0,0.0,0.0,0.0,0.0,0.0,0.0,0.0,0.0,0.0,0.0,-0.01724621731948881,0.0,0.0,0.0,0.0,0.0,0.0,0.0,0.0,0.0,0.0,0.0,0.0,0.0,0.0,0.0,0.0,0.0,0.0,0.0,0.0,0.0,0.010721189718985837,0.0,0.0,0.0,-0.14970796681572704,0.0,0.0,0.0,0.0,0.0,0.0,0.0,0.0,0.0,0.0,0.0,0.016896024913296764
0.0,-0.022105089622659765,0.0,9.579139990337143,0.0,-2.0384744956006995,-0.6762945388551392,0.0,-60.0373990178628,0.0,0.9737603441066965,0.0,0.022105089622659765,0.0,-9.579139990337143,0.0,2.0384744956006995,0.6762945388551392,0.0,60.0373990178628,0.0,-0.9737603441066965,0.0,0.03213281525240563,0.0,0.0,0.0,-1.0,0.3788962144847623,0.0,0.0,0.0,0.0,0.0,0.0,0.0,0.0,0.0,0.0,0.0,0.0,0.0,0.0,0.0,0.0,0.0,0.0,0.0,-0.0050238840051499475,0.0,0.0,0.0,0.0,0.0,0.0,0.0,0.0,0.0,0.0,0.0,0.0,0.0,0.0,0.0,0.0,0.0,0.0,0.0,0.0,0.0,0.0377459126297582,0.0,0.0,0.0,-0.4840979774135535,0.0,0.0,0.0,0.0,0.0,0.0,0.0,0.0,0.0,0.0,0.0,-0.03213281525240563,0.0,0.0,0.0,1.0,-0.3788962144847623,0.0,0.0,0.0,0.0,0.0,0.0,0.0,0.0,0.0,0.0,0.0,0.0,0.0,0.0,0.0,0.0,0.0,0.0,0.0,0.0050238840051499475,0.0,0.0,0.0,0.0,0.0,0.0,0.0,0.0,0.0,0.0,0.0,0.0,0.0,0.0,0.0,0.0,0.0,0.0,0.0,0.0,0.0,-0.0377459126297582,0.0,0.0,0.0,0.4840979774135535,0.0,0.0,0.0,0.0,0.0,0.0,0.0,0.0,0.0,0.0,0.0,0.5223917401963745
-1.0,-0.04358949641578634,0.0,3.8158248499140193,0.0,-0.6665425316848261,-0.31391595281047024,0.0,2.392288880775421,0.0,0.45119938184557357,1.0,0.04358949641578634,0.0,-3.8158248499140193,0.0,0.6665425316848261,0.31391595281047024,0.0,-2.392288880775421,0.0,-0.45119938184557357,0.0,0.0013258160259577412,0.0,0.0,0.0,0.0,0.15444251974340392,0.0,0.0,0.0,0.0,0.0,0.0,0.0,0.0,0.0,0.0,0.0,0.0,0.0,0.0,0.0,0.0,0.0,0.0,0.0,-0.00990670373086053,0.0,0.0,0.0,0.0,0.0,0.0,0.0,0.0,0.0,0.0,0.0,0.0,0.0,0.0,0.0,0.0,0.0,0.0,0.0,0.0,0.0,0.019298502461570496,0.0,0.0,0.0,-0.27986203620338346,0.0,0.0,0.0,0.0,0.0,0.0,0.0,0.0,0.0,0.0,0.0,-0.0013258160259577412,0.0,0.0,0.0,0.0,-0.15444251974340392,0.0,0.0,0.0,0.0,0.0,0.0,0.0,0.0,0.0,0.0,0.0,0.0,0.0,0.0,0.0,0.0,0.0,0.0,0.0,0.00990670373086053,0.0,0.0,0.0,0.0,0.0,0.0,0.0,0.0,0.0,0.0,0.0,0.0,0.0,0.0,0.0,0.0,0.0,0.0,0.0,0.0,0.0,-0.019298502461570496,0.0,0.0,0.0,0.27986203620338346,0.0,0.0,0.0,0.0,0.0,0.0,0.0,0.0,0.0,0.0,0.0,0.0017720994544159967
0.0,2.2649013253461066,0.0,47.221762854518985,0.0,6.779924433524113,-0.21931632647122212,0.0,-29.312370913898903,0.0,-11.808100231684998,0.0,-2.2649013253461066,0.0,-47.221762854518985,0.0,-6.779924433524113,0.21931632647122212,0.0,29.312370913898903,0.0,11.808100231684998,0.0,-0.022134317700736577,0.0,0.0,0.0,0.0,-1.9445440138808463,-1.0,0.0,0.0,0.0,0.0,0.0,0.0,0.0,0.0,0.0,0.0,0.0,0.0,0.0,0.0,0.0,0.0,0.0,0.0,0.5147503012150242,0.0,0.0,0.0,0.0,0.0,0.0,0.0,0.0,0.0,0.0,0.0,0.0,0.0,0.0,0.0,0.0,0.0,0.0,0.0,0.0,0.0,0.10743812412405251,0.0,0.0,0.0,3.30517677339616,0.0,0.0,0.0,0.0,0.0,0.0,0.0,0.0,0.0,0.0,0.0,0.022134317700736577,0.0,0.0,0.0,0.0,1.9445440138808463,1.0,0.0,0.0,0.0,0.0,0.0,0.0,0.0,0.0,0.0,0.0,0.0,0.0,0.0,0.0,0.0,0.0,0.0,0.0,-0.5147503012150242,0.0,0.0,0.0,0.0,0.0,0.0,0.0,0.0,0.0,0.0,0.0,0.0,0.0,0.0,0.0,0.0,0.0,0.0,0.0,0.0,0.0,-0.10743812412405251,0.0,0.0,0.0,-3.30517677339616,0.0,0.0,0.0,0.0,0.0,0.0,0.0,0.0,0.0,0.0,0.0,0.2215767642894191
0.0,-122.33014740501932,0.0,-658.104735535548,0.0,113.18440442621342,15.790543842390036,0.0,-404.58131955387427,0.0,-77.90269154083053,0.0,122.33014740501932,0.0,658.104735535548,0.0,-113.18440442621342,-15.790543842390036,0.0,404.58131955387427,0.0,77.90269154083053,0.0,-0.21985962667753248,0.0,0.0,0.0,0.0,-26.127502946421277,0.0,-1.0,0.0,0.0,0.0,0.0,0.0,0.0,0.0,0.0,0.0,0.0,0.0,0.0,0.0,0.0,0.0,0.0,0.0,1.7204210443137884,0.0,0.0,0.0,0.0,0.0,0.0,0.0,0.0,0.0,0.0,0.0,0.0,0.0,0.0,0.0,0.0,0.0,0.0,0.0,0.0,0.0,-2.572841869821376,0.0,0.0,0.0,47.10399004280708,0.0,0.0,0.0,0.0,0.0,0.0,0.0,0.0,0.0,0.0,0.0,0.21985962667753248,0.0,0.0,0.0,0.0,26.127502946421277,0.0,1.0,0.0,0.0,0.0,0.0,0.0,0.0,0.0,0.0,0.0,0.0,0.0,0.0,0.0,0.0,0.0,0.0,0.0,-1.7204210443137884,0.0,0.0,0.0,0.0,0.0,0.0,0.0,0.0,0.0,0.0,0.0,0.0,0.0,0.0,0.0,0.0,0.0,0.0,0.0,0.0,0.0,2.572841869821376,0.0,0.0,0.0,-47.10399004280708,0.0,0.0,0.0,0.0,0.0,0.0,0.0,0.0,0.0,0.0,0.0,0.4953249440671246
0.0,-0.11641020868553043,0.0,-1021.9754838714542,0.0,-16.07513261527123,-1.459876353244022,0.0,30.506002288737673,0.0,10.710976214555508,0.0,0.11641020868553043,0.0,1021.9754838714542,0.0,16.07513261527123,1.459876353244022,0.0,-30.506002288737673,0.0,-10.710976214555508,0.0,0.21403981157593957,0.0,0.0,0.0,0.0,3.6780702389208466,0.0,0.0,-1.0,0.0,0.0,0.0,0.0,0.0,0.0,0.0,0.0,0.0,0.0,0.0,0.0,0.0,0.0,0.0,0.0,-0.026456865610347824,0.0,0.0,0.0,0.0,0.0,0.0,0.0,0.0,0.0,0.0,0.0,0.0,0.0,0.0,0.0,0.0,0.0,0.0,0.0,0.0,0.0,1.0498677365480922,0.0,0.0,0.0,-4.370265889555915,0.0,0.0,0.0,0.0,0.0,0.0,0.0,0.0,0.0,0.0,0.0,-0.21403981157593957,0.0,0.0,0.0,0.0,-3.6780702389208466,0.0,0.0,1.0,0.0,0.0,0.0,0.0,0.0,0.0,0.0,0.0,0.0,0.0,0.0,0.0,0.0,0.0,0.0,0.0,0.026456865610347824,0.0,0.0,0.0,0.0,0.0,0.0,0.0,0.0,0.0,0.0,0.0,0.0,0.0,0.0,0.0,0.0,0.0,0.0,0.0,0.0,0.0,-1.0498677365480922,0.0,0.0,0.0,4.370265889555915,0.0,0.0,0.0,0.0,0.0,0.0,0.0,0.0,0.0,0.0,0.0,0.6490922854076489
0.0,-0.07968625921749588,0.0,6.108239138968526,0.0,-2.570223530477025,-1.058817664252658,0.0,-15.05994641356467,0.0,1.1465817436022872,0.0,0.07968625921749588,0.0,-6.108239138968526,0.0,2.570223530477025,1.058817664252658,0.0,15.05994641356467,0.0,-1.1465817436022872,0.0,0.05270049551530366,0.0,0.0,0.0,0.0,0.5265863007440852,0.0,0.0,0.0,-1.0,0.0,0.0,0.0,0.0,0.0,0.0,0.0,0.0,0.0,0.0,0.0,0.0,0.0,0.0,0.0,-0.018110513458521785,0.0,0.0,0.0,0.0,0.0,0.0,0.0,0.0,0.0,0.0,0.0,0.0,0.0,0.0,0.0,0.0,0.0,0.0,0.0,0.0,0.0,0.07246785205576742,0.0,0.0,0.0,-0.7190239476743475,0.0,0.0,0.0,0.0,0.0,0.0,0.0,0.0,0.0,0.0,0.0,-0.05270049551530366,0.0,0.0,0.0,0.0,-0.5265863007440852,0.0,0.0,0.0,1.0,0.0,0.0,0.0,0.0,0.0,0.0,0.0,0.0,0.0,0.0,0.0,0.0,0.0,0.0,0.0,0.018110513458521785,0.0,0.0,0.0,0.0,0.0,0.0,0.0,0.0,0.0,0.0,0.0,0.0,0.0,0.0,0.0,0.0,0.0,0.0,0.0,0.0,0.0,-0.07246785205576742,0.0,0.0,0.0,0.7190239476743475,0.0,0.0,0.0,0.0,0.0,0.0,0.0,0.0,0.0,0.0,0.0,0.26075836228196175
0.0,-0.583449528600816,0.0,58.61837084205209,0.0,-10.308131096658562,-2.1691737772837767,0.0,30.227495479372443,0.0,7.716990220727459,0.0,0.583449528600816,0.0,-58.61837084205209,0.0,10.308131096658562,2.1691737772837767,0.0,-30.227495479372443,0.0,-7.716990220727459,0.0,0.021600535274541203,0.0,0.0,0.0,0.0,2.457408842749417,0.0,0.0,0.0,0.0,-1.0,0.0,0.0,0.0,0.0,0.0,0.0,0.0,0.0,0.0,0.0,0.0,0.0,0.0,0.0,-0.13260216559109456,0.0,0.0,0.0,0.0,0.0,0.0,0.0,0.0,0.0,0.0,0.0,0.0,0.0,0.0,0.0,0.0,0.0,0.0,0.0,0.0,0.0,0.26649209700904175,0.0,0.0,0.0,-3.503728756654639,0.0,0.0,0.0,0.0,0.0,0.0,0.0,0.0,0.0,0.0,0.0,-0.021600535274541203,0.0,0.0,0.0,0.0,-2.457408842749417,0.0,0.0,0.0,0.0,1.0,0.0,0.0,0.0,0.0,0.0,0.0,0.0,0.0,0.0,0.0,0.0,0.0,0.0,0.0,0.13260216559109456,0.0,0.0,0.0,0.0,0.0,0.0,0.0,0.0,0.0,0.0,0.0,0.0,0.0,0.0,0.0,0.0,0.0,0.0,0.0,0.0,0.0,-0.26649209700904175,0.0,0.0,0.0,3.503728756654639,0.0,0.0,0.0,0.0,0.0,0.0,0.0,0.0,0.0,0.0,0.0,0.229776416968212
0.0,-0.678063319255712,0.0,57.245583715874346,0.0,-8.876992071517954,-2.723576401489458,0.0,30.177221871755805,0.0,8.186634094348403,0.0,0.678063319255712,0.0,-57.245583715874346,0.0,8.876992071517954,2.723576401489458,0.0,-30.177221871755805,0.0,-8.186634094348403,0.0,0.02360562209182994,0.0,0.0,0.0,0.0,2.6170952511975316,0.0,0.0,0.0,0.0,0.0,-1.0,0.0,0.0,0.0,0.0,0.0,0.0,0.0,0.0,0.0,0.0,0.0,0.0,0.0,-0.1541052998308436,0.0,0.0,0.0,0.0,0.0,0.0,0.0,0.0,0.0,0.0,0.0,0.0,0.0,0.0,0.0,0.0,0.0,0.0,0.0,0.0,0.0,0.26646903782462383,0.0,0.0,0.0,-3.5230350814252764,0.0,0.0,0.0,0.0,0.0,0.0,0.0,0.0,0.0,0.0,0.0,-0.02360562209182994,0.0,0.0,0.0,0.0,-2.6170952511975316,0.0,0.0,0.0,0.0,0.0,1.0,0.0,0.0,0.0,0.0,0.0,0.0,0.0,0.0,0.0,0.0,0.0,0.0,0.0,0.1541052998308436,0.0,0.0,0.0,0.0,0.0,0.0,0.0,0.0,0.0,0.0,0.0,0.0,0.0,0.0,0.0,0.0,0.0,0.0,0.0,0.0,0.0,-0.26646903782462383,0.0,0.0,0.0,3.5230350814252764,0.0,0.0,0.0,0.0,0.0,0.0,0.0,0.0,0.0,0.0,0.0,0.13362415096901709
0.0,-0.1339755873580759,0.0,15.288022470099577,0.0,-2.1428024962716234,-0.8329467950261932,0.0,8.760899980543533,0.0,1.878461775119206,0.0,0.1339755873580759,0.0,-15.288022470099577,0.0,2.1428024962716234,0.8329467950261932,0.0,-8.760899980543533,0.0,-1.878461775119206,0.0,0.005971744092276692,0.0,0.0,0.0,0.0,0.6284308768447004,0.0,0.0,0.0,0.0,0.0,0.0,-1.0,0.0,0.0,0.0,0.0,0.0,0.0,0.0,0.0,0.0,0.0,0.0,0.0,-0.03044899712683543,0.0,0.0,0.0,0.0,0.0,0.0,0.0,0.0,0.0,0.0,0.0,0.0,0.0,0.0,0.0,0.0,0.0,0.0,0.0,0.0,0.0,0.07084123690824992,0.0,0.0,0.0,-0.9563029512161934,0.0,0.0,0.0,0.0,0.0,0.0,0.0,0.0,0.0,0.0,0.0,-0.005971744092276692,0.0,0.0,0.0,0.0,-0.6284308768447004,0.0,0.0,0.0,0.0,0.0,0.0,1.0,0.0,0.0,0.0,0.0,0.0,0.0,0.0,0.0,0.0,0.0,0.0,0.0,0.03044899712683543,0.0,0.0,0.0,0.0,0.0,0.0,0.0,0.0,0.0,0.0,0.0,0.0,0.0,0.0,0.0,0.0,0.0,0.0,0.0,0.0,0.0,-0.07084123690824992,0.0,0.0,0.0,0.9563029512161934,0.0,0.0,0.0,0.0,0.0,0.0,0.0,0.0,0.0,0.0,0.0,0.31912772639441744
0.0,-0.06400462832739526,0.0,30.973852032181533,0.0,-5.679921630421952,-1.197635951206959,0.0,-55.936803668243954,0.0,3.551030122801161,0.0,0.06400462832739526,0.0,-30.973852032181533,0.0,5.679921630421952,1.197635951206959,0.0,55.936803668243954,0.0,-3.551030122801161,0.0,0.015063191394043992,0.0,0.0,0.0,0.0,1.1872619019934443,0.0,0.0,0.0,0.0,0.0,0.0,0.0,-1.0,0.0,0.0,0.0,0.0,0.0,0.0,0.0,0.0,0.0,0.0,0.0,-0.01454650643804438,0.0,0.0,0.0,0.0,0.0,0.0,0.0,0.0,0.0,0.0,0.0,0.0,0.0,0.0,0.0,0.0,0.0,0.0,0.0,0.0,0.0,0.12932122164600737,0.0,0.0,0.0,-1.6685663694158275,0.0,0.0,0.0,0.0,0.0,0.0,0.0,0.0,0.0,0.0,0.0,-0.015063191394043992,0.0,0.0,0.0,0.0,-1.1872619019934443,0.0,0.0,0.0,0.0,0.0,0.0,0.0,1.0,0.0,0.0,0.0,0.0,0.0,0.0,0.0,0.0,0.0,0.0,0.0,0.01454650643804438,0.0,0.0,0.0,0.0,0.0,0.0,0.0,0.0,0.0,0.0,0.0,0.0,0.0,0.0,0.0,0.0,0.0,0.0,0.0,0.0,0.0,-0.12932122164600737,0.0,0.0,0.0,1.6685663694158275,0.0,0.0,0.0,0.0,0.0,0.0,0.0,0.0,0.0,0.0,0.0,0.4772910775811686
0.0,0.1955903938419456,0.0,64.1653383541636,0.0,-8.884880829024286,-1.9165515657402599,0.0,-39.21671988658787,0.0,6.0528742113613765,0.0,-0.1955903938419456,0.0,-64.1653383541636,0.0,8.884880829024286,1.9165515657402599,0.0,39.21671988658787,0.0,-6.0528742113613765,0.0,0.026338856544843636,0.0,0.0,0.0,0.0,1.9386068125426346,0.0,0.0,0.0,0.0,0.0,0.0,0.0,0.0,-1.0,0.0,0.0,0.0,0.0,0.0,0.0,0.0,0.0,0.0,0.0,0.04445236223680582,0.0,0.0,0.0,0.0,0.0,0.0,0.0,0.0,0.0,0.0,0.0,0.0,0.0,0.0,0.0,0.0,0.0,0.0,0.0,0.0,0.0,0.2043103821576751,0.0,0.0,0.0,-2.8975852563171123,0.0,0.0,0.0,0.0,0.0,0.0,0.0,0.0,0.0,0.0,0.0,-0.026338856544843636,0.0,0.0,0.0,0.0,-1.9386068125426346,0.0,0.0,0.0,0.0,0.0,0.0,0.0,0.0,1.0,0.0,0.0,0.0,0.0,0.0,0.0,0.0,0.0,0.0,0.0,-0.04445236223680582,0.0,0.0,0.0,0.0,0.0,0.0,0.0,0.0,0.0,0.0,0.0,0.0,0.0,0.0,0.0,0.0,0.0,0.0,0.0,0.0,0.0,-0.2043103821576751,0.0,0.0,0.0,2.8975852563171123,0.0,0.0,0.0,0.0,0.0,0.0,0.0,0.0,0.0,0.0,0.0,0.12766274770016534
0.0,0.5125997214359019,0.0,-165.70937366885823,0.0,5.673198809658699,1.267183581646733,0.0,-12.435120145323804,0.0,-2.852223499560645,0.0,-0.5125997214359019,0.0,165.70937366885823,0.0,-5.673198809658699,-1.267183581646733,0.0,12.435120145323804,0.0,2.852223499560645,0.0,-0.011403848432773091,0.0,0.0,0.0,0.0,-0.8113179722033722,0.0,0.0,0.0,0.0,0.0,0.0,0.0,0.0,0.0,-1.0,0.0,0.0,0.0,0.0,0.0,0.0,0.0,0.0,0.0,0.1164999366899777,0.0,0.0,0.0,0.0,0.0,0.0,0.0,0.0,0.0,0.0,0.0,0.0,0.0,0.0,0.0,0.0,0.0,0.0,0.0,0.0,0.0,-0.12089525881152811,0.0,0.0,0.0,2.1259401213270084,0.0,0.0,0.0,0.0,0.0,0.0,0.0,0.0,0.0,0.0,0.0,0.011403848432773091,0.0,0.0,0.0,0.0,0.8113179722033722,0.0,0.0,0.0,0.0,0.0,0.0,0.0,0.0,0.0,1.0,0.0,0.0,0.0,0.0,0.0,0.0,0.0,0.0,0.0,-0.1164999366899777,0.0,0.0,0.0,0.0,0.0,0.0,0.0,0.0,0.0,0.0,0.0,0.0,0.0,0.0,0.0,0.0,0.0,0.0,0.0,0.0,0.0,0.12089525881152811,0.0,0.0,0.0,-2.1259401213270084,0.0,0.0,0.0,0.0,0.0,0.0,0.0,0.0,0.0,0.0,0.0,0.11775741921652595
0.0,0.13649344494416657,0.0,-127.27617893213147,0.0,1.1299602899409011,0.08077943489575728,0.0,-0.20119184153659653,0.0,-0.3025560055005889,0.0,-0.13649344494416657,0.0,127.27617893213147,0.0,-1.1299602899409011,-0.08077943489575728,0.0,0.20119184153659653,0.0,0.3025560055005889,0.0,-0.0030479190862786835,0.0,0.0,0.0,0.0,-0.016672975908084586,0.0,0.0,0.0,0.0,0.0,0.0,0.0,0.0,0.0,0.0,-1.0,0.0,0.0,0.0,0.0,0.0,0.0,0.0,0.0,0.031021237487310577,0.0,0.0,0.0,0.0,0.0,0.0,0.0,0.0,0.0,0.0,0.0,0.0,0.0,0.0,0.0,0.0,0.0,0.0,0.0,0.0,0.0,0.01925866409094895,0.0,0.0,0.0,0.5692435555334476,0.0,0.0,0.0,0.0,0.0,0.0,0.0,0.0,0.0,0.0,0.0,0.0030479190862786835,0.0,0.0,0.0,0.0,0.016672975908084586,0.0,0.0,0.0,0.0,0.0,0.0,0.0,0.0,0.0,0.0,1.0,0.0,0.0,0.0,0.0,0.0,0.0,0.0,0.0,-0.031021237487310577,0.0,0.0,0.0,0.0,0.0,0.0,0.0,0.0,0.0,0.0,0.0,0.0,0.0,0.0,0.0,0.0,0.0,0.0,0.0,0.0,0.0,-0.01925866409094895,0.0,0.0,0.0,-0.5692435555334476,0.0,0.0,0.0,0.0,0.0,0.0,0.0,0.0,0.0,0.0,0.0,0.023063123309469878
0.0,0.41029208605435097,0.0,-122.60007630160443,0.0,1.8238960746608694,0.5886059413516874,0.0,-2.699089901440378,0.0,-0.9333926558616981,0.0,-0.41029208605435097,0.0,122.60007630160443,0.0,-1.8238960746608694,-0.5886059413516874,0.0,2.699089901440378,0.0,0.9333926558616981,0.0,-0.005958168632196035,0.0,0.0,0.0,0.0,-0.18541659773836866,0.0,0.0,0.0,0.0,0.0,0.0,0.0,0.0,0.0,0.0,0.0,-1.0,0.0,0.0,0.0,0.0,0.0,0.0,0.0,0.09324820137598883,0.0,0.0,0.0,0.0,0.0,0.0,0.0,0.0,0.0,0.0,0.0,0.0,0.0,0.0,0.0,0.0,0.0,0.0,0.0,0.0,0.0,0.0010488634809587283,0.0,0.0,0.0,0.8196650334709649,0.0,0.0,0.0,0.0,0.0,0.0,0.0,0.0,0.0,0.0,0.0,0.005958168632196035,0.0,0.0,0.0,0.0,0.18541659773836866,0.0,0.0,0.0,0.0,0.0,0.0,0.0,0.0,0.0,0.0,0.0,1.0,0.0,0.0,0.0,0.0,0.0,0.0,0.0,-0.09324820137598883,0.0,0.0,0.0,0.0,0.0,0.0,0.0,0.0,0.0,0.0,0.0,0.0,0.0,0.0,0.0,0.0,0.0,0.0,0.0,0.0,0.0,-0.0010488634809587283,0.0,0.0,0.0,-0.8196650334709649,0.0,0.0,0.0,0.0,0.0,0.0,0.0,0.0,0.0,0.0,0.0,0.026559779707171584
0.0,-0.21958717218612583,0.0,-17.72944281184848,0.0,-2.135911435450816,0.08482855608144191,0.0,14.454786004830023,0.0,2.7465241699443332,0.0,0.21958717218612583,0.0,17.72944281184848,0.0,2.135911435450816,-0.08482855608144191,0.0,-14.454786004830023,0.0,-2.7465241699443332,0.0,0.006103157057238786,0.0,0.0,0.0,0.0,0.938681713142983,0.0,0.0,0.0,0.0,0.0,0.0,0.0,0.0,0.0,0.0,0.0,0.0,-1.0,0.0,0.0,0.0,0.0,0.0,0.0,-0.04990617549684677,0.0,0.0,0.0,0.0,0.0,0.0,0.0,0.0,0.0,0.0,0.0,0.0,0.0,0.0,0.0,0.0,0.0,0.0,0.0,0.0,0.0,0.28553556960737675,0.0,0.0,0.0,-1.1974610848780078,0.0,0.0,0.0,0.0,0.0,0.0,0.0,0.0,0.0,0.0,0.0,-0.006103157057238786,0.0,0.0,0.0,0.0,-0.938681713142983,0.0,0.0,0.0,0.0,0.0,0.0,0.0,0.0,0.0,0.0,0.0,0.0,1.0,0.0,0.0,0.0,0.0,0.0,0.0,0.04990617549684677,0.0,0.0,0.0,0.0,0.0,0.0,0.0,0.0,0.0,0.0,0.0,0.0,0.0,0.0,0.0,0.0,0.0,0.0,0.0,0.0,0.0,-0.28553556960737675,0.0,0.0,0.0,1.1974610848780078,0.0,0.0,0.0,0.0,0.0,0.0,0.0,0.0,0.0,0.0,0.0,0.06765063255460832
0.0,-0.23566338202432519,0.0,-28.917558508826577,0.0,-2.0762447303759606,0.38740582793931067,0.0,11.919201030214117,0.0,2.722679040050596,0.0,0.23566338202432519,0.0,28.917558508826577,0.0,2.0762447303759606,-0.38740582793931067,0.0,-11.919201030214117,0.0,-2.722679040050596,0.0,0.00801748413404138,0.0,0.0,0.0,0.0,0.8273625335931323,0.0,0.0,0.0,0.0,0.0,0.0,0.0,0.0,0.0,0.0,0.0,0.0,0.0,-1.0,0.0,0.0,0.0,0.0,0.0,-0.053559859550983,0.0,0.0,0.0,0.0,0.0,0.0,0.0,0.0,0.0,0.0,0.0,0.0,0.0,0.0,0.0,0.0,0.0,0.0,0.0,0.0,0.0,0.26842340127257247,0.0,0.0,0.0,-1.1163539430606633,0.0,0.0,0.0,0.0,0.0,0.0,0.0,0.0,0.0,0.0,0.0,-0.00801748413404138,0.0,0.0,0.0,0.0,-0.8273625335931323,0.0,0.0,0.0,0.0,0.0,0.0,0.0,0.0,0.0,0.0,0.0,0.0,0.0,1.0,0.0,0.0,0.0,0.0,0.0,0.053559859550983,0.0,0.0,0.0,0.0,0.0,0.0,0.0,0.0,0.0,0.0,0.0,0.0,0.0,0.0,0.0,0.0,0.0,0.0,0.0,0.0,0.0,-0.26842340127257247,0.0,0.0,0.0,1.1163539430606633,0.0,0.0,0.0,0.0,0.0,0.0,0.0,0.0,0.0,0.0,0.0,0.14262432547000342
0.0,-5.386965295400493,0.0,10.668186340153309,0.0,-2.80336936893679,0.009152511963467003,0.0,17.251702558800964,0.0,3.2708066266527083,0.0,5.386965295400493,0.0,-10.668186340153309,0.0,2.80336936893679,-0.009152511963467003,0.0,-17.251702558800964,0.0,-3.2708066266527083,0.0,0.01471397590587192,0.0,0.0,0.0,0.0,1.111101782464418,0.0,0.0,0.0,0.0,0.0,0.0,0.0,0.0,0.0,0.0,0.0,0.0,0.0,0.0,-1.0,0.0,0.0,0.0,0.0,-0.06521938531829408,0.0,0.0,0.0,0.0,0.0,0.0,0.0,0.0,0.0,0.0,0.0,0.0,0.0,0.0,0.0,0.0,0.0,0.0,0.0,0.0,0.0,0.3946775455841179,0.0,0.0,0.0,-1.6770372744183648,0.0,0.0,0.0,0.0,0.0,0.0,0.0,0.0,0.0,0.0,0.0,-0.01471397590587192,0.0,0.0,0.0,0.0,-1.111101782464418,0.0,0.0,0.0,0.0,0.0,0.0,0.0,0.0,0.0,0.0,0.0,0.0,0.0,0.0,1.0,0.0,0.0,0.0,0.0,0.06521938531829408,0.0,0.0,0.0,0.0,0.0,0.0,0.0,0.0,0.0,0.0,0.0,0.0,0.0,0.0,0.0,0.0,0.0,0.0,0.0,0.0,0.0,-0.3946775455841179,0.0,0.0,0.0,1.6770372744183648,0.0,0.0,0.0,0.0,0.0,0.0,0.0,0.0,0.0,0.0,0.0,0.010236497615948456
0.0,-11.130249229851147,0.0,16.10764714619586,0.0,-2.8179066682415166,0.2611845228736509,0.0,10.941651219049076,0.0,2.1521827503639837,0.0,11.130249229851147,0.0,-16.10764714619586,0.0,2.8179066682415166,-0.2611845228736509,0.0,-10.941651219049076,0.0,-2.1521827503639837,0.0,0.016448637865424096,0.0,0.0,0.0,0.0,0.7040611317272517,0.0,0.0,0.0,0.0,0.0,0.0,0.0,0.0,0.0,0.0,0.0,0.0,0.0,0.0,0.0,-1.0,0.0,0.0,0.0,-0.05232937042071504,0.0,0.0,0.0,0.0,0.0,0.0,0.0,0.0,0.0,0.0,0.0,0.0,0.0,0.0,0.0,0.0,0.0,0.0,0.0,0.0,0.0,0.3503938618283063,0.0,0.0,0.0,-1.3565226093471727,0.0,0.0,0.0,0.0,0.0,0.0,0.0,0.0,0.0,0.0,0.0,-0.016448637865424096,0.0,0.0,0.0,0.0,-0.7040611317272517,0.0,0.0,0.0,0.0,0.0,0.0,0.0,0.0,0.0,0.0,0.0,0.0,0.0,0.0,0.0,1.0,0.0,0.0,0.0,0.05232937042071504,0.0,0.0,0.0,0.0,0.0,0.0,0.0,0.0,0.0,0.0,0.0,0.0,0.0,0.0,0.0,0.0,0.0,0.0,0.0,0.0,0.0,-0.3503938618283063,0.0,0.0,0.0,1.3565226093471727,0.0,0.0,0.0,0.0,0.0,0.0,0.0,0.0,0.0,0.0,0.0,0.04314107964638363
0.0,-26.565813917947843,0.0,2.3237010581620883,0.0,-1.1441039724574973,1.2346386070853144,0.0,2.205681099660568,0.0,-0.06484446307745406,0.0,26.565813917947843,0.0,-2.3237010581620883,0.0,1.1441039724574973,-1.2346386070853144,0.0,-2.205681099660568,0.0,0.06484446307745406,0.0,0.000494639686432118,0.0,0.0,0.0,0.0,0.04213068949617976,0.0,0.0,0.0,0.0,0.0,0.0,0.0,0.0,0.0,0.0,0.0,0.0,0.0,0.0,0.0,0.0,-1.0,0.0,0.0,0.6441332004663988,0.0,0.0,0.0,0.0,0.0,0.0,0.0,0.0,0.0,0.0,0.0,0.0,0.0,0.0,0.0,0.0,0.0,0.0,0.0,0.0,0.0,0.6092532005126464,0.0,0.0,0.0,-0.5951500752139818,0.0,0.0,0.0,0.0,0.0,0.0,0.0,0.0,0.0,0.0,0.0,-0.000494639686432118,0.0,0.0,0.0,0.0,-0.04213068949617976,0.0,0.0,0.0,0.0,0.0,0.0,0.0,0.0,0.0,0.0,0.0,0.0,0.0,0.0,0.0,0.0,1.0,0.0,0.0,-0.6441332004663988,0.0,0.0,0.0,0.0,0.0,0.0,0.0,0.0,0.0,0.0,0.0,0.0,0.0,0.0,0.0,0.0,0.0,0.0,0.0,0.0,0.0,-0.6092532005126464,0.0,0.0,0.0,0.5951500752139818,0.0,0.0,0.0,0.0,0.0,0.0,0.0,0.0,0.0,0.0,0.0,0.1448584967642211
0.0,-29.395160402957234,0.0,106.48200953906705,0.0,-4.936058921251506,0.7208966721485788,0.0,19.069059528657384,0.0,3.7849832162121317,0.0,29.395160402957234,0.0,-106.48200953906705,0.0,4.936058921251506,-0.7208966721485788,0.0,-19.069059528657384,0.0,-3.7849832162121317,0.0,0.0005043603574898334,0.0,0.0,0.0,0.0,1.2366102716603695,0.0,0.0,0.0,0.0,0.0,0.0,0.0,0.0,0.0,0.0,0.0,0.0,0.0,0.0,0.0,0.0,0.0,-1.0,0.0,0.864736272055174,0.0,0.0,0.0,0.0,0.0,0.0,0.0,0.0,0.0,0.0,0.0,0.0,0.0,0.0,0.0,0.0,0.0,0.0,0.0,0.0,0.0,0.6480352206404265,0.0,0.0,0.0,-2.384858774530597,0.0,0.0,0.0,0.0,0.0,0.0,0.0,0.0,0.0,0.0,0.0,-0.0005043603574898334,0.0,0.0,0.0,0.0,-1.2366102716603695,0.0,0.0,0.0,0.0,0.0,0.0,0.0,0.0,0.0,0.0,0.0,0.0,0.0,0.0,0.0,0.0,0.0,1.0,0.0,-0.864736272055174,0.0,0.0,0.0,0.0,0.0,0.0,0.0,0.0,0.0,0.0,0.0,0.0,0.0,0.0,0.0,0.0,0.0,0.0,0.0,0.0,0.0,-0.6480352206404265,0.0,0.0,0.0,2.384858774530597,0.0,0.0,0.0,0.0,0.0,0.0,0.0,0.0,0.0,0.0,0.0,0.0233842486445749
0.0,-14.253888063761941,0.0,62.913773471693865,0.0,-3.167856963330843,0.2970242656056936,0.0,12.263782674322524,0.0,2.4056204214866415,0.0,14.253888063761941,0.0,-62.913773471693865,0.0,3.167856963330843,-0.2970242656056936,0.0,-12.263782674322524,0.0,-2.4056204214866415,0.0,0.008050522355568895,0.0,0.0,0.0,0.0,0.7894714655942424,0.0,0.0,0.0,0.0,0.0,0.0,0.0,0.0,0.0,0.0,0.0,0.0,0.0,0.0,0.0,0.0,0.0,0.0,-1.0,0.9195708945995585,0.0,0.0,0.0,0.0,0.0,0.0,0.0,0.0,0.0,0.0,0.0,0.0,0.0,0.0,0.0,0.0,0.0,0.0,0.0,0.0,0.0,0.3740854958217625,0.0,0.0,0.0,-1.5099130302853556,0.0,0.0,0.0,0.0,0.0,0.0,0.0,0.0,0.0,0.0,0.0,-0.008050522355568895,0.0,0.0,0.0,0.0,-0.7894714655942424,0.0,0.0,0.0,0.0,0.0,0.0,0.0,0.0,0.0,0.0,0.0,0.0,0.0,0.0,0.0,0.0,0.0,0.0,1.0,-0.9195708945995585,0.0,0.0,0.0,0.0,0.0,0.0,0.0,0.0,0.0,0.0,0.0,0.0,0.0,0.0,0.0,0.0,0.0,0.0,0.0,0.0,0.0,-0.3740854958217625,0.0,0.0,0.0,1.5099130302853556,0.0,0.0,0.0,0.0,0.0,0.0,0.0,0.0,0.0,0.0,0.0,0.09673449570540385
0.0,-0.010336200335391104,0.0,-0.8006868002504303,0.0,0.0735258259266158,0.008770477296467342,0.0,-0.243665340645349,-1.0,-0.04345533149900339,0.0,0.010336200335391104,0.0,0.8006868002504303,0.0,-0.0735258259266158,-0.008770477296467342,0.0,0.243665340645349,1.0,0.04345533149900339,0.0,-2.981575752084172e-05,0.0,0.0,0.0,0.0,-0.01524842005296954,0.0,0.0,0.0,0.0,0.0,0.0,0.0,0.0,0.0,0.0,0.0,0.0,0.0,0.0,0.0,0.0,0.0,0.0,0.0,-0.002349136439861614,0.0,0.0,0.0,0.0,0.0,0.0,0.0,0.0,0.0,0.0,0.0,0.0,0.0,0.0,0.0,0.0,0.0,0.0,0.0,0.0,0.0,-0.00195647546276301,0.0,0.0,0.0,0.029413272972082318,0.0,0.0,0.0,0.0,0.0,0.0,0.0,0.0,0.0,0.0,0.0,2.981575752084172e-05,0.0,0.0,0.0,0.0,0.01524842005296954,0.0,0.0,0.0,0.0,0.0,0.0,0.0,0.0,0.0,0.0,0.0,0.0,0.0,0.0,0.0,0.0,0.0,0.0,0.0,0.002349136439861614,0.0,0.0,0.0,0.0,0.0,0.0,0.0,0.0,0.0,0.0,0.0,0.0,0.0,0.0,0.0,0.0,0.0,0.0,0.0,0.0,0.0,0.00195647546276301,0.0,0.0,0.0,-0.029413272972082318,0.0,0.0,0.0,0.0,0.0,0.0,0.0,0.0,0.0,0.0,0.0,0.0001828024068967591
0.0,-210.31355218809833,0.0,-159.5525480422126,0.0,13.823481647832235,2.8593318594064714,0.0,-48.595743552582846,0.0,-9.800809816536155,0.0,210.31355218809833,0.0,159.5525480422126,0.0,-13.823481647832235,-2.8593318594064714,0.0,48.595743552582846,0.0,9.800809816536155,0.0,-0.00841662963231989,0.0,0.0,0.0,0.0,-3.1538443649618193,0.0,0.0,0.0,0.0,0.0,0.0,0.0,0.0,0.0,0.0,0.0,0.0,0.0,0.0,0.0,0.0,0.0,0.0,0.0,0.2696472299776523,-1.0,0.0,0.0,0.0,0.0,0.0,0.0,0.0,0.0,0.0,0.0,0.0,0.0,0.0,0.0,0.0,0.0,0.0,0.0,0.0,0.0,-0.07487882013727559,0.0,0.0,0.0,5.6015106384674525,0.0,0.0,0.0,0.0,0.0,0.0,0.0,0.0,0.0,0.0,0.0,0.00841662963231989,0.0,0.0,0.0,0.0,3.1538443649618193,0.0,0.0,0.0,0.0,0.0,0.0,0.0,0.0,0.0,0.0,0.0,0.0,0.0,0.0,0.0,0.0,0.0,0.0,0.0,-0.2696472299776523,1.0,0.0,0.0,0.0,0.0,0.0,0.0,0.0,0.0,0.0,0.0,0.0,0.0,0.0,0.0,0.0,0.0,0.0,0.0,0.0,0.0,0.07487882013727559,0.0,0.0,0.0,-5.6015106384674525,0.0,0.0,0.0,0.0,0.0,0.0,0.0,0.0,0.0,0.0,0.0,0.01594677794578793
0.0,-209.87765737837026,0.0,-149.27415877935914,0.0,12.409511514854152,3.0614767773049825,0.0,-43.02285910891102,0.0,-8.700466648490695,0.0,209.87765737837026,0.0,149.27415877935914,0.0,-12.409511514854152,-3.0614767773049825,0.0,43.02285910891102,0.0,8.700466648490695,0.0,-0.000911295674200667,0.0,0.0,0.0,0.0,-2.79740315990954,0.0,0.0,0.0,0.0,0.0,0.0,0.0,0.0,0.0,0.0,0.0,0.0,0.0,0.0,0.0,0.0,0.0,0.0,0.0,0.3005324140067609,0.0,-1.0,0.0,0.0,0.0,0.0,0.0,0.0,0.0,0.0,0.0,0.0,0.0,0.0,0.0,0.0,0.0,0.0,0.0,0.0,0.0,0.11532967988832832,0.0,0.0,0.0,4.911736598111141,0.0,0.0,0.0,0.0,0.0,0.0,0.0,0.0,0.0,0.0,0.0,0.000911295674200667,0.0,0.0,0.0,0.0,2.79740315990954,0.0,0.0,0.0,0.0,0.0,0.0,0.0,0.0,0.0,0.0,0.0,0.0,0.0,0.0,0.0,0.0,0.0,0.0,0.0,-0.3005324140067609,0.0,1.0,0.0,0.0,0.0,0.0,0.0,0.0,0.0,0.0,0.0,0.0,0.0,0.0,0.0,0.0,0.0,0.0,0.0,0.0,0.0,-0.11532967988832832,0.0,0.0,0.0,-4.911736598111141,0.0,0.0,0.0,0.0,0.0,0.0,0.0,0.0,0.0,0.0,0.0,0.034296224954258867
0.0,-27.34321693234117,0.0,-237.78828859724103,0.0,7.112649096076348,1.718143185156826,0.0,-24.98415075607395,0.0,-5.0565457952663175,0.0,27.34321693234117,0.0,237.78828859724103,0.0,-7.112649096076348,-1.718143185156826,0.0,24.98415075607395,0.0,5.0565457952663175,0.0,-0.015735251207374006,0.0,0.0,0.0,0.0,-1.6228648550701208,0.0,0.0,0.0,0.0,0.0,0.0,0.0,0.0,0.0,0.0,0.0,0.0,0.0,0.0,0.0,0.0,0.0,0.0,0.0,0.17199615174064292,0.0,0.0,-1.0,0.0,0.0,0.0,0.0,0.0,0.0,0.0,0.0,0.0,0.0,0.0,0.0,0.0,0.0,0.0,0.0,0.0,0.0,0.07241105780486612,0.0,0.0,0.0,2.8323092588005374,0.0,0.0,0.0,0.0,0.0,0.0,0.0,0.0,0.0,0.0,0.0,0.015735251207374006,0.0,0.0,0.0,0.0,1.6228648550701208,0.0,0.0,0.0,0.0,0.0,0.0,0.0,0.0,0.0,0.0,0.0,0.0,0.0,0.0,0.0,0.0,0.0,0.0,0.0,-0.17199615174064292,0.0,0.0,1.0,0.0,0.0,0.0,0.0,0.0,0.0,0.0,0.0,0.0,0.0,0.0,0.0,0.0,0.0,0.0,0.0,0.0,0.0,-0.07241105780486612,0.0,0.0,0.0,-2.8323092588005374,0.0,0.0,0.0,0.0,0.0,0.0,0.0,0.0,0.0,0.0,0.0,0.1077527147640777
0.0,-26.905916617469853,0.0,-380.09112234933707,0.0,8.582972335261465,3.791819338100557,0.0,-38.79939998313468,0.0,-5.563902996848359,0.0,26.905916617469853,0.0,380.09112234933707,0.0,-8.582972335261465,-3.791819338100557,0.0,38.79939998313468,0.0,5.563902996848359,0.0,-0.014617825819852607,0.0,0.0,0.0,0.0,-1.8073300704030806,0.0,0.0,0.0,0.0,0.0,0.0,0.0,0.0,0.0,0.0,0.0,0.0,0.0,0.0,0.0,0.0,0.0,0.0,0.0,0.11229167784776087,0.0,0.0,0.0,-1.0,0.0,0.0,0.0,0.0,0.0,0.0,0.0,0.0,0.0,0.0,0.0,0.0,0.0,0.0,0.0,0.0,0.0,0.5905200262751258,0.0,0.0,0.0,3.0580755876012375,0.0,0.0,0.0,0.0,0.0,0.0,0.0,0.0,0.0,0.0,0.0,0.014617825819852607,0.0,0.0,0.0,0.0,1.8073300704030806,0.0,0.0,0.0,0.0,0.0,0.0,0.0,0.0,0.0,0.0,0.0,0.0,0.0,0.0,0.0,0.0,0.0,0.0,0.0,-0.11229167784776087,0.0,0.0,0.0,1.0,0.0,0.0,0.0,0.0,0.0,0.0,0.0,0.0,0.0,0.0,0.0,0.0,0.0,0.0,0.0,0.0,0.0,-0.5905200262751258,0.0,0.0,0.0,-3.0580755876012375,0.0,0.0,0.0,0.0,0.0,0.0,0.0,0.0,0.0,0.0,0.0,0.20120570856805733
0.0,-12.334932448248626,0.0,-474.32758196757504,0.0,14.679200081040463,2.010981810124793,0.0,-59.65231026973513,0.0,-10.015451955332493,0.0,12.334932448248626,0.0,474.32758196757504,0.0,-14.679200081040463,-2.010981810124793,0.0,59.65231026973513,0.0,10.015451955332493,0.0,-0.02900040621410081,0.0,0.0,0.0,0.0,-3.373769787231839,0.0,0.0,0.0,0.0,0.0,0.0,0.0,0.0,0.0,0.0,0.0,0.0,0.0,0.0,0.0,0.0,0.0,0.0,0.0,0.2193335344889489,0.0,0.0,0.0,0.0,-1.0,0.0,0.0,0.0,0.0,0.0,0.0,0.0,0.0,0.0,0.0,0.0,0.0,0.0,0.0,0.0,0.0,-0.3329713088077767,0.0,0.0,0.0,6.09788460433052,0.0,0.0,0.0,0.0,0.0,0.0,0.0,0.0,0.0,0.0,0.0,0.02900040621410081,0.0,0.0,0.0,0.0,3.373769787231839,0.0,0.0,0.0,0.0,0.0,0.0,0.0,0.0,0.0,0.0,0.0,0.0,0.0,0.0,0.0,0.0,0.0,0.0,0.0,-0.2193335344889489,0.0,0.0,0.0,0.0,1.0,0.0,0.0,0.0,0.0,0.0,0.0,0.0,0.0,0.0,0.0,0.0,0.0,0.0,0.0,0.0,0.0,0.3329713088077767,0.0,0.0,0.0,-6.09788460433052,0.0,0.0,0.0,0.0,0.0,0.0,0.0,0.0,0.0,0.0,0.0,0.2853354636286576
0.0,-17.00475975715557,0.0,-234.310710607462,0.0,5.162862971107382,2.0595909209557206,0.0,-22.495610996277968,0.0,-3.4401724279591543,0.0,17.00475975715557,0.0,234.310710607462,0.0,-5.162862971107382,-2.0595909209557206,0.0,22.495610996277968,0.0,3.4401724279591543,0.0,-0.009618946866899503,0.0,0.0,0.0,0.0,-1.1001371765553096,0.0,0.0,0.0,0.0,0.0,0.0,0.0,0.0,0.0,0.0,0.0,0.0,0.0,0.0,0.0,0.0,0.0,0.0,0.0,0.08982732791918835,0.0,0.0,0.0,0.0,0.0,-1.0,0.0,0.0,0.0,0.0,0.0,0.0,0.0,0.0,0.0,0.0,0.0,0.0,0.0,0.0,0.0,0.315137604310254,0.0,0.0,0.0,1.8690472748883435,0.0,0.0,0.0,0.0,0.0,0.0,0.0,0.0,0.0,0.0,0.0,0.009618946866899503,0.0,0.0,0.0,0.0,1.1001371765553096,0.0,0.0,0.0,0.0,0.0,0.0,0.0,0.0,0.0,0.0,0.0,0.0,0.0,0.0,0.0,0.0,0.0,0.0,0.0,-0.08982732791918835,0.0,0.0,0.0,0.0,0.0,1.0,0.0,0.0,0.0,0.0,0.0,0.0,0.0,0.0,0.0,0.0,0.0,0.0,0.0,0.0,0.0,-0.315137604310254,0.0,0.0,0.0,-1.8690472748883435,0.0,0.0,0.0,0.0,0.0,0.0,0.0,0.0,0.0,0.0,0.0,0.10818248094725552
0.0,-0.2740915226787243,0.0,-173.32762727841455,0.0,-0.34647364921759305,0.6685812298610841,0.0,15.721529603099789,0.0,-3.6731987042117904,0.0,0.2740915226787243,0.0,173.32762727841455,0.0,0.34647364921759305,-0.6685812298610841,0.0,-15.721529603099789,0.0,3.6731987042117904,0.0,0.007607236723134655,0.0,0.0,0.0,0.0,1.0148869976107353,0.0,0.0,0.0,0.0,0.0,0.0,0.0,0.0,0.0,0.0,0.0,0.0,0.0,0.0,0.0,0.0,0.0,0.0,0.0,-0.06229352788152824,0.0,0.0,0.0,0.0,0.0,0.0,-1.0,0.0,0.0,0.0,0.0,0.0,0.0,0.0,0.0,0.0,0.0,0.0,0.0,0.0,0.0,0.21331640438465305,0.0,0.0,0.0,-0.8265693184969144,0.0,0.0,0.0,0.0,0.0,0.0,0.0,0.0,0.0,0.0,0.0,-0.007607236723134655,0.0,0.0,0.0,0.0,-1.0148869976107353,0.0,0.0,0.0,0.0,0.0,0.0,0.0,0.0,0.0,0.0,0.0,0.0,0.0,0.0,0.0,0.0,0.0,0.0,0.0,0.06229352788152824,0.0,0.0,0.0,0.0,0.0,0.0,1.0,0.0,0.0,0.0,0.0,0.0,0.0,0.0,0.0,0.0,0.0,0.0,0.0,0.0,0.0,-0.21331640438465305,0.0,0.0,0.0,0.8265693184969144,0.0,0.0,0.0,0.0,0.0,0.0,0.0,0.0,0.0,0.0,0.0,0.274803056630286
0.0,0.7992362178808268,0.0,-291.88730669888946,0.0,3.8235488257826873,1.073768290582545,0.0,-22.5419200239252,0.0,-5.355689947060963,0.0,-0.7992362178808268,0.0,291.88730669888946,0.0,-3.8235488257826873,-1.073768290582545,0.0,22.5419200239252,0.0,5.355689947060963,0.0,0.06885724328340581,0.0,0.0,0.0,0.0,-0.5275024995259976,0.0,0.0,0.0,0.0,0.0,0.0,0.0,0.0,0.0,0.0,0.0,0.0,0.0,0.0,0.0,0.0,0.0,0.0,0.0,0.18164459497291516,0.0,0.0,0.0,0.0,0.0,0.0,0.0,-1.0,0.0,0.0,0.0,0.0,0.0,0.0,0.0,0.0,0.0,0.0,0.0,0.0,0.0,-0.015540848678150837,0.0,0.0,0.0,1.7288420970317548,0.0,0.0,0.0,0.0,0.0,0.0,0.0,0.0,0.0,0.0,0.0,-0.06885724328340581,0.0,0.0,0.0,0.0,0.5275024995259976,0.0,0.0,0.0,0.0,0.0,0.0,0.0,0.0,0.0,0.0,0.0,0.0,0.0,0.0,0.0,0.0,0.0,0.0,0.0,-0.18164459497291516,0.0,0.0,0.0,0.0,0.0,0.0,0.0,1.0,0.0,0.0,0.0,0.0,0.0,0.0,0.0,0.0,0.0,0.0,0.0,0.0,0.0,0.015540848678150837,0.0,0.0,0.0,-1.7288420970317548,0.0,0.0,0.0,0.0,0.0,0.0,0.0,0.0,0.0,0.0,0.0,0.21515052112144287
0.0,0.09568179694637582,0.0,-312.26195848298494,0.0,6.053631828140344,1.8173064639177072,0.0,-21.860903430178272,0.0,-2.2761450561023344,0.0,-0.09568179694637582,0.0,312.26195848298494,0.0,-6.053631828140344,-1.8173064639177072,0.0,21.860903430178272,0.0,2.2761450561023344,0.0,0.07321969731733564,0.0,0.0,0.0,0.0,-0.46067397163835544,0.0,0.0,0.0,0.0,0.0,0.0,0.0,0.0,0.0,0.0,0.0,0.0,0.0,0.0,0.0,0.0,0.0,0.0,0.0,0.02174586294235812,0.0,0.0,0.0,0.0,0.0,0.0,0.0,0.0,-1.0,0.0,0.0,0.0,0.0,0.0,0.0,0.0,0.0,0.0,0.0,0.0,0.0,-0.1354175039907776,0.0,0.0,0.0,1.9523287860595293,0.0,0.0,0.0,0.0,0.0,0.0,0.0,0.0,0.0,0.0,0.0,-0.07321969731733564,0.0,0.0,0.0,0.0,0.46067397163835544,0.0,0.0,0.0,0.0,0.0,0.0,0.0,0.0,0.0,0.0,0.0,0.0,0.0,0.0,0.0,0.0,0.0,0.0,0.0,-0.02174586294235812,0.0,0.0,0.0,0.0,0.0,0.0,0.0,0.0,1.0,0.0,0.0,0.0,0.0,0.0,0.0,0.0,0.0,0.0,0.0,0.0,0.0,0.1354175039907776,0.0,0.0,0.0,-1.9523287860595293,0.0,0.0,0.0,0.0,0.0,0.0,0.0,0.0,0.0,0.0,0.0,0.23107417114055456
0.0,-0.493053058369081,0.0,-151.15066550051858,0.0,-8.173697774609664,-4.359272802694167,0.0,34.67282564366423,0.0,-9.356706721500709,0.0,0.493053058369081,0.0,151.15066550051858,0.0,8.173697774609664,4.359272802694167,0.0,-34.67282564366423,0.0,9.356706721500709,0.0,0.09434718154843007,0.0,0.0,0.0,0.0,2.2090123749746744,0.0,0.0,0.0,0.0,0.0,0.0,0.0,0.0,0.0,0.0,0.0,0.0,0.0,0.0,0.0,0.0,0.0,0.0,0.0,-0.11205751326570021,0.0,0.0,0.0,0.0,0.0,0.0,0.0,0.0,0.0,-1.0,0.0,0.0,0.0,0.0,0.0,0.0,0.0,0.0,0.0,0.0,0.0,0.2253260475298777,0.0,0.0,0.0,-2.7596924569346166,0.0,0.0,0.0,0.0,0.0,0.0,0.0,0.0,0.0,0.0,0.0,-0.09434718154843007,0.0,0.0,0.0,0.0,-2.2090123749746744,0.0,0.0,0.0,0.0,0.0,0.0,0.0,0.0,0.0,0.0,0.0,0.0,0.0,0.0,0.0,0.0,0.0,0.0,0.0,0.11205751326570021,0.0,0.0,0.0,0.0,0.0,0.0,0.0,0.0,0.0,1.0,0.0,0.0,0.0,0.0,0.0,0.0,0.0,0.0,0.0,0.0,0.0,-0.2253260475298777,0.0,0.0,0.0,2.7596924569346166,0.0,0.0,0.0,0.0,0.0,0.0,0.0,0.0,0.0,0.0,0.0,0.3100373064679637
0.0,0.10055382763659396,0.0,-357.0315725063213,0.0,5.796467359592936,2.0847353787985523,0.0,-19.698038077659007,0.0,-1.8629402376973432,0.0,-0.10055382763659396,0.0,357.0315725063213,0.0,-5.796467359592936,-2.0847353787985523,0.0,19.698038077659007,0.0,1.8629402376973432,0.0,0.07406030436510702,0.0,0.0,0.0,0.0,-0.3224739212992491,0.0,0.0,0.0,0.0,0.0,0.0,0.0,0.0,0.0,0.0,0.0,0.0,0.0,0.0,0.0,0.0,0.0,0.0,0.0,0.02285314264468044,0.0,0.0,0.0,0.0,0.0,0.0,0.0,0.0,0.0,0.0,-1.0,0.0,0.0,0.0,0.0,0.0,0.0,0.0,0.0,0.0,0.0,-0.11263866428527648,0.0,0.0,0.0,1.708471771108242,0.0,0.0,0.0,0.0,0.0,0.0,0.0,0.0,0.0,0.0,0.0,-0.07406030436510702,0.0,0.0,0.0,0.0,0.3224739212992491,0.0,0.0,0.0,0.0,0.0,0.0,0.0,0.0,0.0,0.0,0.0,0.0,0.0,0.0,0.0,0.0,0.0,0.0,0.0,-0.02285314264468044,0.0,0.0,0.0,0.0,0.0,0.0,0.0,0.0,0.0,0.0,1.0,0.0,0.0,0.0,0.0,0.0,0.0,0.0,0.0,0.0,0.0,0.11263866428527648,0.0,0.0,0.0,-1.708471771108242,0.0,0.0,0.0,0.0,0.0,0.0,0.0,0.0,0.0,0.0,0.0,0.2707391410842287
0.0,0.7955257400269944,0.0,-334.05222079388875,0.0,14.390101412994042,2.509546668544783,0.0,-54.13500273885804,0.0,-11.194540979757345,0.0,-0.7955257400269944,0.0,334.05222079388875,0.0,-14.390101412994042,-2.509546668544783,0.0,54.13500273885804,0.0,11.194540979757345,0.0,0.05506940907684611,0.0,0.0,0.0,0.0,-2.54806281128678,0.0,0.0,0.0,0.0,0.0,0.0,0.0,0.0,0.0,0.0,0.0,0.0,0.0,0.0,0.0,0.0,0.0,0.0,0.0,0.18080130455158963,0.0,0.0,0.0,0.0,0.0,0.0,0.0,0.0,0.0,0.0,0.0,-1.0,0.0,0.0,0.0,0.0,0.0,0.0,0.0,0.0,0.0,-0.3847355717792953,0.0,0.0,0.0,5.572961873331465,0.0,0.0,0.0,0.0,0.0,0.0,0.0,0.0,0.0,0.0,0.0,-0.05506940907684611,0.0,0.0,0.0,0.0,2.54806281128678,0.0,0.0,0.0,0.0,0.0,0.0,0.0,0.0,0.0,0.0,0.0,0.0,0.0,0.0,0.0,0.0,0.0,0.0,0.0,-0.18080130455158963,0.0,0.0,0.0,0.0,0.0,0.0,0.0,0.0,0.0,0.0,0.0,1.0,0.0,0.0,0.0,0.0,0.0,0.0,0.0,0.0,0.0,0.3847355717792953,0.0,0.0,0.0,-5.572961873331465,0.0,0.0,0.0,0.0,0.0,0.0,0.0,0.0,0.0,0.0,0.0,0.30953775554141294
0.0,0.673633157309595,0.0,-25.61716079902296,0.0,7.841612889326323,1.8064558748272366,0.0,-24.98237961755161,0.0,-5.410821629347739,0.0,-0.673633157309595,0.0,25.61716079902296,0.0,-7.841612889326323,-1.8064558748272366,0.0,24.98237961755161,0.0,5.410821629347739,0.0,-0.017029099629497085,0.0,0.0,0.0,0.0,-1.619420992119525,0.0,0.0,0.0,0.0,0.0,0.0,0.0,0.0,0.0,0.0,0.0,0.0,0.0,0.0,0.0,0.0,0.0,0.0,0.0,0.15309844484308976,0.0,0.0,0.0,0.0,0.0,0.0,0.0,0.0,0.0,0.0,0.0,0.0,-1.0,0.0,0.0,0.0,0.0,0.0,0.0,0.0,0.0,-0.14234328164281593,0.0,0.0,0.0,4.0348668639455605,0.0,0.0,0.0,0.0,0.0,0.0,0.0,0.0,0.0,0.0,0.0,0.017029099629497085,0.0,0.0,0.0,0.0,1.619420992119525,0.0,0.0,0.0,0.0,0.0,0.0,0.0,0.0,0.0,0.0,0.0,0.0,0.0,0.0,0.0,0.0,0.0,0.0,0.0,-0.15309844484308976,0.0,0.0,0.0,0.0,0.0,0.0,0.0,0.0,0.0,0.0,0.0,0.0,1.0,0.0,0.0,0.0,0.0,0.0,0.0,0.0,0.0,0.14234328164281593,0.0,0.0,0.0,-4.0348668639455605,0.0,0.0,0.0,0.0,0.0,0.0,0.0,0.0,0.0,0.0,0.0,0.7470238538288093
0.0,1.556161786873925,0.0,-181.51485442944255,0.0,45.81568724029398,10.36203482709574,0.0,-76.24057957591613,0.0,-57.0714111528375,0.0,-1.556161786873925,0.0,181.51485442944255,0.0,-45.81568724029398,-10.36203482709574,0.0,76.24057957591613,0.0,57.0714111528375,0.0,-0.06465528098898593,0.0,0.0,0.0,0.0,-4.920490587370853,0.0,0.0,0.0,0.0,0.0,0.0,0.0,0.0,0.0,0.0,0.0,0.0,0.0,0.0,0.0,0.0,0.0,0.0,0.0,0.3536731333804374,0.0,0.0,0.0,0.0,0.0,0.0,0.0,0.0,0.0,0.0,0.0,0.0,0.0,-1.0,0.0,0.0,0.0,0.0,0.0,0.0,0.0,-0.9640395412915791,0.0,0.0,0.0,14.811439210738465,0.0,0.0,0.0,0.0,0.0,0.0,0.0,0.0,0.0,0.0,0.0,0.06465528098898593,0.0,0.0,0.0,0.0,4.920490587370853,0.0,0.0,0.0,0.0,0.0,0.0,0.0,0.0,0.0,0.0,0.0,0.0,0.0,0.0,0.0,0.0,0.0,0.0,0.0,-0.3536731333804374,0.0,0.0,0.0,0.0,0.0,0.0,0.0,0.0,0.0,0.0,0.0,0.0,0.0,1.0,0.0,0.0,0.0,0.0,0.0,0.0,0.0,0.9640395412915791,0.0,0.0,0.0,-14.811439210738465,0.0,0.0,0.0,0.0,0.0,0.0,0.0,0.0,0.0,0.0,0.0,0.24880299703289543
0.0,-12.522843219189317,0.0,-256.12602852701923,0.0,16.560557194047274,2.7903693286457796,0.0,-47.160800051991,0.0,-8.79639423685984,0.0,12.522843219189317,0.0,256.12602852701923,0.0,-16.560557194047274,-2.7903693286457796,0.0,47.160800051991,0.0,8.79639423685984,0.0,-0.015890661993512627,0.0,0.0,0.0,0.0,-2.9740109272664856,0.0,0.0,0.0,0.0,0.0,0.0,0.0,0.0,0.0,0.0,0.0,0.0,0.0,0.0,0.0,0.0,0.0,0.0,0.0,0.38117199563879123,0.0,0.0,0.0,0.0,0.0,0.0,0.0,0.0,0.0,0.0,0.0,0.0,0.0,0.0,-1.0,0.0,0.0,0.0,0.0,0.0,0.0,0.010342273461377283,0.0,0.0,0.0,6.065371731679244,0.0,0.0,0.0,0.0,0.0,0.0,0.0,0.0,0.0,0.0,0.0,0.015890661993512627,0.0,0.0,0.0,0.0,2.9740109272664856,0.0,0.0,0.0,0.0,0.0,0.0,0.0,0.0,0.0,0.0,0.0,0.0,0.0,0.0,0.0,0.0,0.0,0.0,0.0,-0.38117199563879123,0.0,0.0,0.0,0.0,0.0,0.0,0.0,0.0,0.0,0.0,0.0,0.0,0.0,0.0,1.0,0.0,0.0,0.0,0.0,0.0,0.0,-0.010342273461377283,0.0,0.0,0.0,-6.065371731679244,0.0,0.0,0.0,0.0,0.0,0.0,0.0,0.0,0.0,0.0,0.0,0.3266618141330259
0.0,-52.178689539447355,0.0,-635.3185125688949,0.0,24.040837109897033,5.1699729265247925,0.0,-70.21815742369839,0.0,-14.38186161153888,0.0,52.178689539447355,0.0,635.3185125688949,0.0,-24.040837109897033,-5.1699729265247925,0.0,70.21815742369839,0.0,14.38186161153888,0.0,-0.006698320467773994,0.0,0.0,0.0,0.0,-4.505546728704871,0.0,0.0,0.0,0.0,0.0,0.0,0.0,0.0,0.0,0.0,0.0,0.0,0.0,0.0,0.0,0.0,0.0,0.0,0.0,0.9593887410346905,0.0,0.0,0.0,0.0,0.0,0.0,0.0,0.0,0.0,0.0,0.0,0.0,0.0,0.0,0.0,-1.0,0.0,0.0,0.0,0.0,0.0,0.6735717725483765,0.0,0.0,0.0,8.617396100499874,0.0,0.0,0.0,0.0,0.0,0.0,0.0,0.0,0.0,0.0,0.0,0.006698320467773994,0.0,0.0,0.0,0.0,4.505546728704871,0.0,0.0,0.0,0.0,0.0,0.0,0.0,0.0,0.0,0.0,0.0,0.0,0.0,0.0,0.0,0.0,0.0,0.0,0.0,-0.9593887410346905,0.0,0.0,0.0,0.0,0.0,0.0,0.0,0.0,0.0,0.0,0.0,0.0,0.0,0.0,0.0,1.0,0.0,0.0,0.0,0.0,0.0,-0.6735717725483765,0.0,0.0,0.0,-8.617396100499874,0.0,0.0,0.0,0.0,0.0,0.0,0.0,0.0,0.0,0.0,0.0,0.34423528172214524
0.0,-41.01315849811002,0.0,-565.6960600322038,0.0,24.690020160839797,4.497928539267212,0.0,-67.71122683221003,0.0,-13.512379794055393,0.0,41.01315849811002,0.0,565.6960600322038,0.0,-24.690020160839797,-4.497928539267212,0.0,67.71122683221003,0.0,13.512379794055393,0.0,-0.03691419170879243,0.0,0.0,0.0,0.0,-4.224205466263325,0.0,0.0,0.0,0.0,0.0,0.0,0.0,0.0,0.0,0.0,0.0,0.0,0.0,0.0,0.0,0.0,0.0,0.0,0.0,0.40610034133862855,0.0,0.0,0.0,0.0,0.0,0.0,0.0,0.0,0.0,0.0,0.0,0.0,0.0,0.0,0.0,0.0,-1.0,0.0,0.0,0.0,0.0,0.013433144006924858,0.0,0.0,0.0,8.89263505981441,0.0,0.0,0.0,0.0,0.0,0.0,0.0,0.0,0.0,0.0,0.0,0.03691419170879243,0.0,0.0,0.0,0.0,4.224205466263325,0.0,0.0,0.0,0.0,0.0,0.0,0.0,0.0,0.0,0.0,0.0,0.0,0.0,0.0,0.0,0.0,0.0,0.0,0.0,-0.40610034133862855,0.0,0.0,0.0,0.0,0.0,0.0,0.0,0.0,0.0,0.0,0.0,0.0,0.0,0.0,0.0,0.0,1.0,0.0,0.0,0.0,0.0,-0.013433144006924858,0.0,0.0,0.0,-8.89263505981441,0.0,0.0,0.0,0.0,0.0,0.0,0.0,0.0,0.0,0.0,0.0,0.6765975545483323
0.0,-43.11717154935502,0.0,-603.0121299173354,0.0,16.71529068552019,4.305089708566777,0.0,-45.39952092250785,0.0,-9.91406737617657,0.0,43.11717154935502,0.0,603.0121299173354,0.0,-16.71529068552019,-4.305089708566777,0.0,45.39952092250785,0.0,9.91406737617657,0.0,-0.028179919261695583,0.0,0.0,0.0,0.0,-2.9289674089794584,0.0,0.0,0.0,0.0,0.0,0.0,0.0,0.0,0.0,0.0,0.0,0.0,0.0,0.0,0.0,0.0,0.0,0.0,0.0,0.2233701024193127,0.0,0.0,0.0,0.0,0.0,0.0,0.0,0.0,0.0,0.0,0.0,0.0,0.0,0.0,0.0,0.0,0.0,-1.0,0.0,0.0,0.0,0.49995690468853127,0.0,0.0,0.0,5.833294131448198,0.0,0.0,0.0,0.0,0.0,0.0,0.0,0.0,0.0,0.0,0.0,0.028179919261695583,0.0,0.0,0.0,0.0,2.9289674089794584,0.0,0.0,0.0,0.0,0.0,0.0,0.0,0.0,0.0,0.0,0.0,0.0,0.0,0.0,0.0,0.0,0.0,0.0,0.0,-0.2233701024193127,0.0,0.0,0.0,0.0,0.0,0.0,0.0,0.0,0.0,0.0,0.0,0.0,0.0,0.0,0.0,0.0,0.0,1.0,0.0,0.0,0.0,-0.49995690468853127,0.0,0.0,0.0,-5.833294131448198,0.0,0.0,0.0,0.0,0.0,0.0,0.0,0.0,0.0,0.0,0.0,0.1903437769864504
0.0,0.4316431927525388,0.0,-42.36476356447342,0.0,8.061727564801485,2.034587130610497,0.0,-19.318780335098175,0.0,-3.2208131263742876,0.0,-0.4316431927525388,0.0,42.36476356447342,0.0,-8.061727564801485,-2.034587130610497,0.0,19.318780335098175,0.0,3.2208131263742876,0.0,-0.014742363915789824,0.0,0.0,0.0,0.0,-1.2486561551685278,0.0,0.0,0.0,0.0,0.0,0.0,0.0,0.0,0.0,0.0,0.0,0.0,0.0,0.0,0.0,0.0,0.0,0.0,0.0,0.09810072562557698,0.0,0.0,0.0,0.0,0.0,0.0,0.0,0.0,0.0,0.0,0.0,0.0,0.0,0.0,0.0,0.0,0.0,0.0,-1.0,0.0,0.0,-0.22202425755091304,0.0,0.0,0.0,3.2202944149913844,0.0,0.0,0.0,0.0,0.0,0.0,0.0,0.0,0.0,0.0,0.0,0.014742363915789824,0.0,0.0,0.0,0.0,1.2486561551685278,0.0,0.0,0.0,0.0,0.0,0.0,0.0,0.0,0.0,0.0,0.0,0.0,0.0,0.0,0.0,0.0,0.0,0.0,0.0,-0.09810072562557698,0.0,0.0,0.0,0.0,0.0,0.0,0.0,0.0,0.0,0.0,0.0,0.0,0.0,0.0,0.0,0.0,0.0,0.0,1.0,0.0,0.0,0.22202425755091304,0.0,0.0,0.0,-3.2202944149913844,0.0,0.0,0.0,0.0,0.0,0.0,0.0,0.0,0.0,0.0,0.0,0.3399281618818005
0.0,0.21028745602151316,0.0,-18.119321707289348,0.0,5.8329054941668605,1.9238799773921595,0.0,-6.760205015572216,0.0,-1.402051594952125,0.0,-0.21028745602151316,0.0,18.119321707289348,0.0,-5.8329054941668605,-1.9238799773921595,0.0,6.760205015572216,0.0,1.402051594952125,0.0,-0.008061222169739781,0.0,0.0,0.0,0.0,-0.438063784054202,0.0,0.0,0.0,0.0,0.0,0.0,0.0,0.0,0.0,0.0,0.0,0.0,0.0,0.0,0.0,0.0,0.0,0.0,0.0,0.047792603641252984,0.0,0.0,0.0,0.0,0.0,0.0,0.0,0.0,0.0,0.0,0.0,0.0,0.0,0.0,0.0,0.0,0.0,0.0,0.0,-1.0,0.0,-0.11917820109803295,0.0,0.0,0.0,1.8134608792831999,0.0,0.0,0.0,0.0,0.0,0.0,0.0,0.0,0.0,0.0,0.0,0.008061222169739781,0.0,0.0,0.0,0.0,0.438063784054202,0.0,0.0,0.0,0.0,0.0,0.0,0.0,0.0,0.0,0.0,0.0,0.0,0.0,0.0,0.0,0.0,0.0,0.0,0.0,-0.047792603641252984,0.0,0.0,0.0,0.0,0.0,0.0,0.0,0.0,0.0,0.0,0.0,0.0,0.0,0.0,0.0,0.0,0.0,0.0,0.0,1.0,0.0,0.11917820109803295,0.0,0.0,0.0,-1.8134608792831999,0.0,0.0,0.0,0.0,0.0,0.0,0.0,0.0,0.0,0.0,0.0,0.03643911302730533
0.0,0.3506237502724509,0.0,-31.26129181502866,0.0,7.615565898365937,1.787128944194627,0.0,-16.917481566001534,0.0,-3.4912996232395037,0.0,-0.3506237502724509,0.0,31.26129181502866,0.0,-7.615565898365937,-1.787128944194627,0.0,16.917481566001534,0.0,3.4912996232395037,0.0,-0.012934544874233738,0.0,0.0,0.0,0.0,-1.0924849170175235,0.0,0.0,0.0,0.0,0.0,0.0,0.0,0.0,0.0,0.0,0.0,0.0,0.0,0.0,0.0,0.0,0.0,0.0,0.0,0.07968721597101155,0.0,0.0,0.0,0.0,0.0,0.0,0.0,0.0,0.0,0.0,0.0,0.0,0.0,0.0,0.0,0.0,0.0,0.0,0.0,0.0,-1.0,-0.17321391994695373,0.0,0.0,0.0,2.8827818922114856,0.0,0.0,0.0,0.0,0.0,0.0,0.0,0.0,0.0,0.0,0.0,0.012934544874233738,0.0,0.0,0.0,0.0,1.0924849170175235,0.0,0.0,0.0,0.0,0.0,0.0,0.0,0.0,0.0,0.0,0.0,0.0,0.0,0.0,0.0,0.0,0.0,0.0,0.0,-0.07968721597101155,0.0,0.0,0.0,0.0,0.0,0.0,0.0,0.0,0.0,0.0,0.0,0.0,0.0,0.0,0.0,0.0,0.0,0.0,0.0,0.0,1.0,0.17321391994695373,0.0,0.0,0.0,-2.8827818922114856,0.0,0.0,0.0,0.0,0.0,0.0,0.0,0.0,0.0,0.0,0.0,0.12290887379384362
0.0,-0.1910352599086024,0.0,16.090790155549293,1.0,-2.7103891733164205,-1.2381530947025456,0.0,10.417240509736935,0.0,2.0000812590762695,0.0,0.1910352599086024,0.0,-16.090790155549293,-1.0,2.7103891733164205,1.2381530947025456,0.0,-10.417240509736935,0.0,-2.0000812590762695,0.0,0.00561568701956386,0.0,0.0,0.0,0.0,0.6726154844100253,0.0,0.0,0.0,0.0,0.0,0.0,0.0,0.0,0.0,0.0,0.0,0.0,0.0,0.0,0.0,0.0,0.0,0.0,0.0,-0.04341710452468235,0.0,0.0,0.0,0.0,0.0,0.0,0.0,0.0,0.0,0.0,0.0,0.0,0.0,0.0,0.0,0.0,0.0,0.0,0.0,0.0,0.0,0.08056587122756766,0.0,0.0,0.0,-1.1723098028459755,0.0,0.0,0.0,0.0,0.0,0.0,0.0,0.0,0.0,0.0,0.0,-0.00561568701956386,0.0,0.0,0.0,0.0,-0.6726154844100253,0.0,0.0,0.0,0.0,0.0,0.0,0.0,0.0,0.0,0.0,0.0,0.0,0.0,0.0,0.0,0.0,0.0,0.0,0.0,0.04341710452468235,0.0,0.0,0.0,0.0,0.0,0.0,0.0,0.0,0.0,0.0,0.0,0.0,0.0,0.0,0.0,0.0,0.0,0.0,0.0,0.0,0.0,-0.08056587122756766,0.0,0.0,0.0,1.1723098028459755,0.0,0.0,0.0,0.0,0.0,0.0,0.0,0.0,0.0,0.0,0.0,0.0061469775601470066
0.0,-105.23790525169812,0.0,696.3953324605803,0.0,0.6255734473003036,15.603853927662273,0.0,10.292320796568234,0.0,3.145894994447538,0.0,105.23790525169812,0.0,-696.3953324605803,0.0,-0.6255734473003036,-15.603853927662273,0.0,-10.292320796568234,0.0,-3.145894994447538,0.0,0.01147784074483882,0.0,0.0,0.0,0.0,0.6608336445609186,0.0,0.0,0.0,0.0,0.0,0.0,0.0,0.0,0.0,0.0,0.0,0.0,0.0,0.0,0.0,0.0,0.0,0.0,0.0,-0.031342102658664925,0.0,0.0,0.0,0.0,0.0,0.0,0.0,0.0,0.0,0.0,0.0,0.0,0.0,0.0,0.0,0.0,0.0,0.0,0.0,0.0,0.0,4.703524540182769,-1.0,0.0,0.0,-2.64764192903958,0.0,0.0,0.0,0.0,0.0,0.0,0.0,0.0,0.0,0.0,0.0,-0.01147784074483882,0.0,0.0,0.0,0.0,-0.6608336445609186,0.0,0.0,0.0,0.0,0.0,0.0,0.0,0.0,0.0,0.0,0.0,0.0,0.0,0.0,0.0,0.0,0.0,0.0,0.0,0.031342102658664925,0.0,0.0,0.0,0.0,0.0,0.0,0.0,0.0,0.0,0.0,0.0,0.0,0.0,0.0,0.0,0.0,0.0,0.0,0.0,0.0,0.0,-4.703524540182769,1.0,0.0,0.0,2.64764192903958,0.0,0.0,0.0,0.0,0.0,0.0,0.0,0.0,0.0,0.0,0.0,0.550279965168622
0.0,-32.16427695045671,0.0,-111.06273931308566,0.0,8.998154405304323,1.7368321072199007,0.0,-33.61087663763469,0.0,-7.205803769665487,0.0,32.16427695045671,0.0,111.06273931308566,0.0,-8.998154405304323,-1.7368321072199007,0.0,33.61087663763469,0.0,7.205803769665487,0.0,-0.024384155036395586,0.0,0.0,0.0,0.0,-2.2142542553245894,0.0,0.0,0.0,0.0,0.0,0.0,0.0,0.0,0.0,0.0,0.0,0.0,0.0,0.0,0.0,0.0,0.0,0.0,0.0,0.43993705671438454,0.0,0.0,0.0,0.0,0.0,0.0,0.0,0.0,0.0,0.0,0.0,0.0,0.0,0.0,0.0,0.0,0.0,0.0,0.0,0.0,0.0,-0.09926504369018463,0.0,-1.0,0.0,3.7979626191047973,0.0,0.0,0.0,0.0,0.0,0.0,0.0,0.0,0.0,0.0,0.0,0.024384155036395586,0.0,0.0,0.0,0.0,2.2142542553245894,0.0,0.0,0.0,0.0,0.0,0.0,0.0,0.0,0.0,0.0,0.0,0.0,0.0,0.0,0.0,0.0,0.0,0.0,0.0,-0.43993705671438454,0.0,0.0,0.0,0.0,0.0,0.0,0.0,0.0,0.0,0.0,0.0,0.0,0.0,0.0,0.0,0.0,0.0,0.0,0.0,0.0,0.0,0.09926504369018463,0.0,1.0,0.0,-3.7979626191047973,0.0,0.0,0.0,0.0,0.0,0.0,0.0,0.0,0.0,0.0,0.0,0.3824003770932741
0.0,-31.54943028547884,0.0,-672.7079578087612,0.0,63.18027088024631,7.941557826764374,0.0,-226.39754830841986,0.0,-43.16094932169368,0.0,31.54943028547884,0.0,672.7079578087612,0.0,-63.18027088024631,-7.941557826764374,0.0,226.39754830841986,0.0,43.16094932169368,0.0,-0.12111094982601611,0.0,0.0,0.0,0.0,-14.618194203930685,0.0,0.0,0.0,0.0,0.0,0.0,0.0,0.0,0.0,0.0,0.0,0.0,0.0,0.0,0.0,0.0,0.0,0.0,0.0,0.9433112987548093,0.0,0.0,0.0,0.0,0.0,0.0,0.0,0.0,0.0,0.0,0.0,0.0,0.0,0.0,0.0,0.0,0.0,0.0,0.0,0.0,0.0,-1.6920865198115276,0.0,0.0,-1.0,26.443174777709377,0.0,0.0,0.0,0.0,0.0,0.0,0.0,0.0,0.0,0.0,0.0,0.12111094982601611,0.0,0.0,0.0,0.0,14.618194203930685,0.0,0.0,0.0,0.0,0.0,0.0,0.0,0.0,0.0,0.0,0.0,0.0,0.0,0.0,0.0,0.0,0.0,0.0,0.0,-0.9433112987548093,0.0,0.0,0.0,0.0,0.0,0.0,0.0,0.0,0.0,0.0,0.0,0.0,0.0,0.0,0.0,0.0,0.0,0.0,0.0,0.0,0.0,1.6920865198115276,0.0,0.0,1.0,-26.443174777709377,0.0,0.0,0.0,0.0,0.0,0.0,0.0,0.0,0.0,0.0,0.0,0.5136580151639689
0.0,-0.4396175628374996,1.0,47.079220940763875,0.0,-6.492399600441737,-2.6759379686713984,0.0,23.492217409158,0.0,4.455078621726715,0.0,0.4396175628374996,-1.0,-47.079220940763875,0.0,6.492399600441737,2.6759379686713984,0.0,-23.492217409158,0.0,-4.455078621726715,0.0,0.013173593377157539,0.0,0.0,0.0,0.0,1.5169758641567856,0.0,0.0,0.0,0.0,0.0,0.0,0.0,0.0,0.0,0.0,0.0,0.0,0.0,0.0,0.0,0.0,0.0,0.0,0.0,-0.09991308246306807,0.0,0.0,0.0,0.0,0.0,0.0,0.0,0.0,0.0,0.0,0.0,0.0,0.0,0.0,0.0,0.0,0.0,0.0,0.0,0.0,0.0,0.2535145858733517,0.0,0.0,0.0,-2.767483894297893,0.0,0.0,0.0,0.0,0.0,0.0,0.0,0.0,0.0,0.0,0.0,-0.013173593377157539,0.0,0.0,0.0,0.0,-1.5169758641567856,0.0,0.0,0.0,0.0,0.0,0.0,0.0,0.0,0.0,0.0,0.0,0.0,0.0,0.0,0.0,0.0,0.0,0.0,0.0,0.09991308246306807,0.0,0.0,0.0,0.0,0.0,0.0,0.0,0.0,0.0,0.0,0.0,0.0,0.0,0.0,0.0,0.0,0.0,0.0,0.0,0.0,0.0,-0.2535145858733517,0.0,0.0,0.0,2.767483894297893,0.0,0.0,0.0,0.0,0.0,0.0,0.0,0.0,0.0,0.0,0.0,0.01400133209517179
0.0,-179.70528947053052,0.0,3418.5495096298887,0.0,-591.7875591923719,-264.44641302551895,0.0,2155.0178578615255,0.0,411.3349981328706,0.0,179.70528947053052,0.0,-3418.5495096298887,0.0,591.7875591923719,264.44641302551895,0.0,-2155.0178578615255,0.0,-411.3349981328706,0.0,1.1940315594415838,0.0,0.0,0.0,0.0,143.11039045929653,0.0,0.0,0.0,0.0,0.0,0.0,0.0,0.0,0.0,0.0,0.0,0.0,0.0,0.0,0.0,0.0,0.0,0.0,0.0,-9.205747606938752,0.0,0.0,0.0,0.0,0.0,0.0,0.0,0.0,0.0,0.0,0.0,0.0,0.0,0.0,0.0,0.0,0.0,0.0,0.0,0.0,0.0,17.142833848929584,0.0,0.0,0.0,-249.45376982325098,-1.0,0.0,0.0,0.0,0.0,0.0,0.0,0.0,0.0,0.0,0.0,-1.1940315594415838,0.0,0.0,0.0,0.0,-143.11039045929653,0.0,0.0,0.0,0.0,0.0,0.0,0.0,0.0,0.0,0.0,0.0,0.0,0.0,0.0,0.0,0.0,0.0,0.0,0.0,9.205747606938752,0.0,0.0,0.0,0.0,0.0,0.0,0.0,0.0,0.0,0.0,0.0,0.0,0.0,0.0,0.0,0.0,0.0,0.0,0.0,0.0,0.0,-17.142833848929584,0.0,0.0,0.0,249.45376982325098,1.0,0.0,0.0,0.0,0.0,0.0,0.0,0.0,0.0,0.0,0.0,1.524693975688304
0.0,-170.58970588253774,0.0,2400.6666529685053,0.0,-423.418263776608,-187.09181062714615,0.0,1503.4060437612065,0.0,255.626268541959,0.0,170.58970588253774,0.0,-2400.6666529685053,0.0,423.418263776608,187.09181062714615,0.0,-1503.4060437612065,0.0,-255.626268541959,0.0,0.8405454848163395,0.0,0.0,0.0,0.0,100.66113120612063,0.0,0.0,0.0,0.0,0.0,0.0,0.0,0.0,0.0,0.0,0.0,0.0,0.0,0.0,0.0,0.0,0.0,0.0,0.0,-6.497660427849489,0.0,0.0,0.0,0.0,0.0,0.0,0.0,0.0,0.0,0.0,0.0,0.0,0.0,0.0,0.0,0.0,0.0,0.0,0.0,0.0,0.0,12.057037963706197,0.0,0.0,0.0,-175.4415200315542,0.0,-1.0,0.0,0.0,0.0,0.0,0.0,0.0,0.0,0.0,0.0,-0.8405454848163395,0.0,0.0,0.0,0.0,-100.66113120612063,0.0,0.0,0.0,0.0,0.0,0.0,0.0,0.0,0.0,0.0,0.0,0.0,0.0,0.0,0.0,0.0,0.0,0.0,0.0,6.497660427849489,0.0,0.0,0.0,0.0,0.0,0.0,0.0,0.0,0.0,0.0,0.0,0.0,0.0,0.0,0.0,0.0,0.0,0.0,0.0,0.0,0.0,-12.057037963706197,0.0,0.0,0.0,175.4415200315542,0.0,1.0,0.0,0.0,0.0,0.0,0.0,0.0,0.0,0.0,0.0,1.1098579431187867
0.0,-511.2361945613275,0.0,30537.25714849066,0.0,-5145.581890115947,-2339.980051453919,0.0,18378.305272347956,0.0,3752.072156106278,0.0,511.2361945613275,0.0,-30537.25714849066,0.0,5145.581890115947,2339.980051453919,0.0,-18378.305272347956,0.0,-3752.072156106278,0.0,10.619560218099355,0.0,0.0,0.0,0.0,1271.142877826108,0.0,0.0,0.0,0.0,0.0,0.0,0.0,0.0,0.0,0.0,0.0,0.0,0.0,0.0,0.0,0.0,0.0,0.0,0.0,-82.07640785484715,0.0,0.0,0.0,0.0,0.0,0.0,0.0,0.0,0.0,0.0,0.0,0.0,0.0,0.0,0.0,0.0,0.0,0.0,0.0,0.0,0.0,153.14044372806646,0.0,0.0,0.0,-2217.0058900784625,0.0,0.0,-1.0,0.0,0.0,0.0,0.0,0.0,0.0,0.0,0.0,-10.619560218099355,0.0,0.0,0.0,0.0,-1271.142877826108,0.0,0.0,0.0,0.0,0.0,0.0,0.0,0.0,0.0,0.0,0.0,0.0,0.0,0.0,0.0,0.0,0.0,0.0,0.0,82.07640785484715,0.0,0.0,0.0,0.0,0.0,0.0,0.0,0.0,0.0,0.0,0.0,0.0,0.0,0.0,0.0,0.0,0.0,0.0,0.0,0.0,0.0,-153.14044372806646,0.0,0.0,0.0,2217.0058900784625,0.0,0.0,1.0,0.0,0.0,0.0,0.0,0.0,0.0,0.0,0.0,12.008395678470569
0.0,-372.17455945319466,0.0,15862.415010193412,0.0,-2688.594893071608,-1217.7875757118525,0.0,5347.798625566719,0.0,1928.15591583927,0.0,372.17455945319466,0.0,-15862.415010193412,0.0,2688.594893071608,1217.7875757118525,0.0,-5347.798625566719,0.0,-1928.15591583927,0.0,5.5129013111867184,0.0,0.0,0.0,0.0,659.8645598740995,0.0,0.0,0.0,0.0,0.0,0.0,0.0,0.0,0.0,0.0,0.0,0.0,0.0,0.0,0.0,0.0,0.0,0.0,0.0,-42.58512714845331,0.0,0.0,0.0,0.0,0.0,0.0,0.0,0.0,0.0,0.0,0.0,0.0,0.0,0.0,0.0,0.0,0.0,0.0,0.0,0.0,0.0,79.55598825829445,0.0,0.0,0.0,-1150.9883028160566,0.0,0.0,0.0,-1.0,0.0,0.0,0.0,0.0,0.0,0.0,0.0,-5.5129013111867184,0.0,0.0,0.0,0.0,-659.8645598740995,0.0,0.0,0.0,0.0,0.0,0.0,0.0,0.0,0.0,0.0,0.0,0.0,0.0,0.0,0.0,0.0,0.0,0.0,0.0,42.58512714845331,0.0,0.0,0.0,0.0,0.0,0.0,0.0,0.0,0.0,0.0,0.0,0.0,0.0,0.0,0.0,0.0,0.0,0.0,0.0,0.0,0.0,-79.55598825829445,0.0,0.0,0.0,1150.9883028160566,0.0,0.0,0.0,1.0,0.0,0.0,0.0,0.0,0.0,0.0,0.0,6.698902779631542
0.0,-528.2672926550927,0.0,31283.60058836171,0.0,-5275.868007217742,-2401.765233050857,0.0,16399.348719127764,0.0,3842.193698372752,0.0,528.2672926550927,0.0,-31283.60058836171,0.0,5275.868007217742,2401.765233050857,0.0,-16399.348719127764,0.0,-3842.193698372752,0.0,10.886262572178339,0.0,0.0,0.0,0.0,1303.2588597671138,0.0,0.0,0.0,0.0,0.0,0.0,0.0,0.0,0.0,0.0,0.0,0.0,0.0,0.0,0.0,0.0,0.0,0.0,0.0,-84.12893014888468,0.0,0.0,0.0,0.0,0.0,0.0,0.0,0.0,0.0,0.0,0.0,0.0,0.0,0.0,0.0,0.0,0.0,0.0,0.0,0.0,0.0,156.82250002800117,0.0,0.0,0.0,-2272.707355499254,0.0,0.0,0.0,0.0,-1.0,0.0,0.0,0.0,0.0,0.0,0.0,-10.886262572178339,0.0,0.0,0.0,0.0,-1303.2588597671138,0.0,0.0,0.0,0.0,0.0,0.0,0.0,0.0,0.0,0.0,0.0,0.0,0.0,0.0,0.0,0.0,0.0,0.0,0.0,84.12893014888468,0.0,0.0,0.0,0.0,0.0,0.0,0.0,0.0,0.0,0.0,0.0,0.0,0.0,0.0,0.0,0.0,0.0,0.0,0.0,0.0,0.0,-156.82250002800117,0.0,0.0,0.0,2272.707355499254,0.0,0.0,0.0,0.0,1.0,0.0,0.0,0.0,0.0,0.0,0.0,12.619910171285774
0.0,-536.2755776060433,0.0,30474.490233548506,0.0,-5141.179861874167,-2337.097400601496,0.0,19641.307602832603,0.0,3691.571596400731,0.0,536.2755776060433,0.0,-30474.490233548506,0.0,5141.179861874167,2337.097400601496,0.0,-19641.307602832603,0.0,-3691.571596400731,0.0,10.604282694700313,0.0,0.0,0.0,0.0,1269.4873941586372,0.0,0.0,0.0,0.0,0.0,0.0,0.0,0.0,0.0,0.0,0.0,0.0,0.0,0.0,0.0,0.0,0.0,0.0,0.0,-81.94899491046439,0.0,0.0,0.0,0.0,0.0,0.0,0.0,0.0,0.0,0.0,0.0,0.0,0.0,0.0,0.0,0.0,0.0,0.0,0.0,0.0,0.0,152.7773222888178,0.0,0.0,0.0,-2213.8462214650795,0.0,0.0,0.0,0.0,0.0,-1.0,0.0,0.0,0.0,0.0,0.0,-10.604282694700313,0.0,0.0,0.0,0.0,-1269.4873941586372,0.0,0.0,0.0,0.0,0.0,0.0,0.0,0.0,0.0,0.0,0.0,0.0,0.0,0.0,0.0,0.0,0.0,0.0,0.0,81.94899491046439,0.0,0.0,0.0,0.0,0.0,0.0,0.0,0.0,0.0,0.0,0.0,0.0,0.0,0.0,0.0,0.0,0.0,0.0,0.0,0.0,0.0,-152.7773222888178,0.0,0.0,0.0,2213.8462214650795,0.0,0.0,0.0,0.0,0.0,1.0,0.0,0.0,0.0,0.0,0.0,12.351262198599052
0.0,-502.55021226736176,0.0,28169.97828556077,0.0,-4770.721134798976,-2161.8781742394335,0.0,16810.308175226357,0.0,3466.944995141717,0.0,502.55021226736176,0.0,-28169.97828556077,0.0,4770.721134798976,2161.8781742394335,0.0,-16810.308175226357,0.0,-3466.944995141717,0.0,9.7997174026441,0.0,0.0,0.0,0.0,1175.27812969001,0.0,0.0,0.0,0.0,0.0,0.0,0.0,0.0,0.0,0.0,0.0,0.0,0.0,0.0,0.0,0.0,0.0,0.0,0.0,-75.42050278803676,0.0,0.0,0.0,0.0,0.0,0.0,0.0,0.0,0.0,0.0,0.0,0.0,0.0,0.0,0.0,0.0,0.0,0.0,0.0,0.0,0.0,140.79177779059088,0.0,0.0,0.0,-2048.779867677088,0.0,0.0,0.0,0.0,0.0,0.0,-1.0,0.0,0.0,0.0,0.0,-9.7997174026441,0.0,0.0,0.0,0.0,-1175.27812969001,0.0,0.0,0.0,0.0,0.0,0.0,0.0,0.0,0.0,0.0,0.0,0.0,0.0,0.0,0.0,0.0,0.0,0.0,0.0,75.42050278803676,0.0,0.0,0.0,0.0,0.0,0.0,0.0,0.0,0.0,0.0,0.0,0.0,0.0,0.0,0.0,0.0,0.0,0.0,0.0,0.0,0.0,-140.79177779059088,0.0,0.0,0.0,2048.779867677088,0.0,0.0,0.0,0.0,0.0,0.0,1.0,0.0,0.0,0.0,0.0,11.087767624601243
0.0,-362.93116420104445,0.0,17004.356972153626,0.0,-2849.682360461875,-1289.1409043342956,0.0,10692.561949702993,0.0,1897.1334702591469,0.0,362.93116420104445,0.0,-17004.356972153626,0.0,2849.682360461875,1289.1409043342956,0.0,-10692.561949702993,0.0,-1897.1334702591469,0.0,5.863937407408255,0.0,0.0,0.0,0.0,700.9632957073635,0.0,0.0,0.0,0.0,0.0,0.0,0.0,0.0,0.0,0.0,0.0,0.0,0.0,0.0,0.0,0.0,0.0,0.0,0.0,-45.27981004569191,0.0,0.0,0.0,0.0,0.0,0.0,0.0,0.0,0.0,0.0,0.0,0.0,0.0,0.0,0.0,0.0,0.0,0.0,0.0,0.0,0.0,85.5624320123389,0.0,0.0,0.0,-1224.4717008844657,0.0,0.0,0.0,0.0,0.0,0.0,0.0,-1.0,0.0,0.0,0.0,-5.863937407408255,0.0,0.0,0.0,0.0,-700.9632957073635,0.0,0.0,0.0,0.0,0.0,0.0,0.0,0.0,0.0,0.0,0.0,0.0,0.0,0.0,0.0,0.0,0.0,0.0,0.0,45.27981004569191,0.0,0.0,0.0,0.0,0.0,0.0,0.0,0.0,0.0,0.0,0.0,0.0,0.0,0.0,0.0,0.0,0.0,0.0,0.0,0.0,0.0,-85.5624320123389,0.0,0.0,0.0,1224.4717008844657,0.0,0.0,0.0,0.0,0.0,0.0,0.0,1.0,0.0,0.0,0.0,7.397599739494465
0.0,-417.66463407994706,0.0,18236.368382735935,0.0,-3060.468808717742,-1385.9228032514568,0.0,11522.40194804796,0.0,2062.0998254044925,0.0,417.66463407994706,0.0,-18236.368382735935,0.0,3060.468808717742,1385.9228032514568,0.0,-11522.40194804796,0.0,-2062.0998254044925,0.0,6.30459848352329,0.0,0.0,0.0,0.0,753.9051355366059,0.0,0.0,0.0,0.0,0.0,0.0,0.0,0.0,0.0,0.0,0.0,0.0,0.0,0.0,0.0,0.0,0.0,0.0,0.0,-48.6965077454425,0.0,0.0,0.0,0.0,0.0,0.0,0.0,0.0,0.0,0.0,0.0,0.0,0.0,0.0,0.0,0.0,0.0,0.0,0.0,0.0,0.0,91.7243771789829,0.0,0.0,0.0,-1316.4357656010188,0.0,0.0,0.0,0.0,0.0,0.0,0.0,0.0,-1.0,0.0,0.0,-6.30459848352329,0.0,0.0,0.0,0.0,-753.9051355366059,0.0,0.0,0.0,0.0,0.0,0.0,0.0,0.0,0.0,0.0,0.0,0.0,0.0,0.0,0.0,0.0,0.0,0.0,0.0,48.6965077454425,0.0,0.0,0.0,0.0,0.0,0.0,0.0,0.0,0.0,0.0,0.0,0.0,0.0,0.0,0.0,0.0,0.0,0.0,0.0,0.0,0.0,-91.7243771789829,0.0,0.0,0.0,1316.4357656010188,0.0,0.0,0.0,0.0,0.0,0.0,0.0,0.0,1.0,0.0,0.0,7.541640202376495
0.0,-354.7862148352745,0.0,15417.612629823712,0.0,-2617.0865328877085,-1192.9474646455478,0.0,9079.412818543182,0.0,1832.577213891113,0.0,354.7862148352745,0.0,-15417.612629823712,0.0,2617.0865328877085,1192.9474646455478,0.0,-9079.412818543182,0.0,-1832.577213891113,0.0,5.374803192031503,0.0,0.0,0.0,0.0,643.5706983328303,0.0,0.0,0.0,0.0,0.0,0.0,0.0,0.0,0.0,0.0,0.0,0.0,0.0,0.0,0.0,0.0,0.0,0.0,0.0,-41.542321553471474,0.0,0.0,0.0,0.0,0.0,0.0,0.0,0.0,0.0,0.0,0.0,0.0,0.0,0.0,0.0,0.0,0.0,0.0,0.0,0.0,0.0,77.26607981782111,0.0,0.0,0.0,-1121.9933070412649,0.0,0.0,0.0,0.0,0.0,0.0,0.0,0.0,0.0,-1.0,0.0,-5.374803192031503,0.0,0.0,0.0,0.0,-643.5706983328303,0.0,0.0,0.0,0.0,0.0,0.0,0.0,0.0,0.0,0.0,0.0,0.0,0.0,0.0,0.0,0.0,0.0,0.0,0.0,41.542321553471474,0.0,0.0,0.0,0.0,0.0,0.0,0.0,0.0,0.0,0.0,0.0,0.0,0.0,0.0,0.0,0.0,0.0,0.0,0.0,0.0,0.0,-77.26607981782111,0.0,0.0,0.0,1121.9933070412649,0.0,0.0,0.0,0.0,0.0,0.0,0.0,0.0,0.0,1.0,0.0,6.551130372942393
250.0,290.4614628045825,0.0,1502.7803411629807,0.0,59.97735379538515,24.407325613289718,45000.0,19938.293352180513,799.9999999999998,8.450158376539802,0.0,9.53853719541745,65.0,897.2196588370196,300.0,15.022646204614855,25.59267438671029,0.0,11.706647819490286,0.0,11.549841623460198,10.0,9.764182189110215,10.0,10.0,10.0,10.0,6.455055223479189,10.0,10.0,10.0,10.0,10.0,10.0,10.0,10.0,10.0,10.0,10.0,10.0,10.0,10.0,10.0,10.0,10.0,10.0,10.0,7.832150637405126,10.0,10.0,10.0,10.0,10.0,10.0,10.0,10.0,10.0,10.0,10.0,10.0,10.0,10.0,10.0,10.0,10.0,10.0,10.0,10.0,10.0,6.399224085349174,10.0,10.0,10.0,5.1767709298702655,10.0,10.0,10.0,10.0,10.0,10.0,10.0,10.0,10.0,10.0,0.0,0.23581781088978532,0.0,0.0,0.0,0.0,3.5449447765208104,0.0,0.0,0.0,0.0,0.0,0.0,0.0,0.0,0.0,0.0,0.0,0.0,0.0,0.0,0.0,0.0,0.0,0.0,0.0,2.1678493625948745,0.0,0.0,0.0,0.0,0.0,0.0,0.0,0.0,0.0,0.0,0.0,0.0,0.0,0.0,0.0,0.0,0.0,0.0,0.0,0.0,0.0,3.6007759146508262,0.0,0.0,0.0,4.8232290701297345,0.0,0.0,0.0,0.0,0.0,0.0,0.0,0.0,0.0,0.0,1.0,0.9560078273216147
